gender,age,study_hours,attendance,parental_education,internet_usage,past_scores,extracurricular,test_preparation,sleep_hours,health_status,study_environment,teacher_support,motivation_level,final_marks
Male,20,1.52,63.09,Master,2.29,68.95,No,Yes,5.01,4,3,7,3,16.328653664185556
Female,21,3.48,62.35,HighSchool,6.42,63.39,Yes,Yes,4.4,4,10,3,9,16.172640197113793
Male,15,5.3,95.31,HighSchool,7.98,48.73,No,Yes,6.37,2,10,1,10,21.459852515970432
Male,15,4.53,62.48,PhD,0.24,30.42,Yes,Yes,4.05,5,5,8,2,10.091050479483627
Male,15,4.94,63.6,Master,7.18,62.26,Yes,Yes,4.42,1,10,3,6,9.744701038215497
Female,19,4.12,87.97,Bachelor,4.98,48.57,Yes,Yes,8.04,1,4,8,1,3.1670347083946533
Male,18,4.31,72.49,PhD,7.79,77.75,Yes,No,7.86,5,2,7,2,9.9020389449364
Male,19,5.17,88.84,Master,3.72,31.56,Yes,No,8.58,2,4,2,5,7.812593595103256
Male,18,1.87,53.27,Master,6.78,68.01,No,Yes,8.27,2,8,1,1,8.399436823210788
Female,22,3.19,74.38,Bachelor,0.5,91.2,No,Yes,7.42,2,5,7,8,5.820125106035489
Male,19,1.72,51.68,PhD,2.68,41.34,Yes,Yes,4.26,1,5,1,1,4.128612271550409
Male,19,5.93,53.13,Master,0.54,60.66,Yes,Yes,7.91,4,10,6,9,3.611614379927846
Male,20,5.69,95.32,Master,7.8,35.94,No,No,8.23,2,3,10,10,15.542462962775925
Male,17,0.72,56.96,Master,6.54,70.67,No,No,8.0,1,8,10,3,11.288959407546018
Female,19,4.38,76.62,Bachelor,6.82,65.78,Yes,Yes,6.54,1,6,8,2,0.6586495420558354
Male,20,5.59,70.55,PhD,7.5,56.48,No,No,5.16,4,2,7,1,1.3833387315699701
Female,16,1.49,67.37,PhD,0.68,63.89,No,No,8.23,5,2,4,9,3.114999896761157
Female,17,3.62,94.99,PhD,3.08,88.28,No,Yes,7.64,5,9,1,4,7.475175206783397
Female,22,5.54,51.09,PhD,0.57,42.76,Yes,Yes,8.9,2,7,1,1,0.0
Male,19,0.69,83.19,HighSchool,1.69,31.47,No,Yes,4.78,2,10,4,1,11.993551110763647
Female,21,4.34,98.17,HighSchool,1.83,86.01,Yes,Yes,5.13,4,9,5,7,13.582064907540179
Male,15,2.14,78.01,PhD,3.75,67.51,Yes,No,5.06,2,6,7,2,10.64169789867169
Female,16,5.58,96.84,Bachelor,2.15,87.89,Yes,Yes,7.96,4,5,4,7,3.6497605719333173
Female,16,5.84,52.61,HighSchool,0.81,68.8,Yes,No,4.93,1,1,10,7,18.256190427641112
Female,22,5.69,70.94,Master,1.34,82.66,Yes,Yes,4.33,2,6,1,10,14.60544720049281
Female,20,3.11,63.01,HighSchool,1.18,57.93,No,No,8.99,1,6,10,9,8.38117180060367
Female,16,5.24,86.54,Master,7.78,78.74,Yes,Yes,4.12,3,3,7,7,4.158160376476012
Female,17,5.15,99.06,PhD,6.07,89.35,Yes,Yes,8.18,4,3,2,1,7.538163884655457
Female,19,2.26,62.83,HighSchool,7.74,67.19,Yes,No,5.83,3,3,2,8,6.400542938193636
Female,19,5.06,82.71,Bachelor,3.52,41.75,No,No,8.21,2,3,8,8,9.6156658222152
Male,21,0.7,59.9,HighSchool,2.23,47.47,No,No,6.77,1,7,10,4,4.4992400196088305
Male,22,3.78,78.27,HighSchool,6.39,42.91,No,Yes,8.51,2,10,10,8,15.32547953672042
Female,15,1.77,73.2,HighSchool,2.61,46.05,No,No,8.63,3,2,10,4,0.0
Female,20,1.16,98.6,PhD,2.4,49.92,No,No,4.05,2,10,5,8,17.070038951660447
Female,15,0.92,80.43,Bachelor,1.86,66.08,No,No,4.38,5,10,10,5,14.593082443580602
Male,16,4.33,67.48,HighSchool,1.04,68.22,No,No,5.25,3,2,2,4,8.774225941477393
Female,22,2.37,55.7,Bachelor,2.05,57.72,Yes,No,7.35,2,3,5,6,7.5529721477375285
Male,21,4.49,57.56,PhD,2.84,70.0,Yes,No,8.44,1,10,8,2,13.738053277767914
Male,15,0.86,61.27,Master,5.39,35.3,No,No,6.3,2,7,6,2,5.476804219531514
Male,17,2.23,62.55,HighSchool,0.5,35.71,Yes,No,7.03,1,3,3,2,3.9905525773826307
Male,19,3.47,92.53,Bachelor,1.68,41.17,Yes,No,4.94,5,7,8,9,17.58089033928049
Male,16,4.85,78.06,Bachelor,6.47,63.68,No,Yes,8.02,2,9,9,10,23.722378625249632
Female,21,2.25,76.17,PhD,1.18,43.91,Yes,Yes,8.84,5,10,5,3,2.2082658829468045
Female,15,3.94,55.74,HighSchool,2.74,48.41,Yes,No,5.34,3,4,2,10,11.940396567383926
Female,20,5.37,93.01,Master,6.92,56.02,No,Yes,6.47,1,7,2,4,3.226740610612267
Female,17,3.89,86.14,Bachelor,1.24,82.77,Yes,Yes,4.43,3,9,7,10,15.403798411304292
Female,17,1.78,53.38,HighSchool,0.66,30.9,No,No,6.8,1,8,1,8,3.340492608122501
Male,15,0.63,85.39,Master,3.88,72.21,No,No,6.51,5,8,10,4,15.315641284558806
Female,19,5.29,77.18,Bachelor,2.42,73.48,Yes,No,4.72,4,9,2,10,11.000402990193761
Female,15,0.62,54.09,Bachelor,4.51,81.91,Yes,No,6.21,2,5,10,10,11.74129334602394
Male,16,5.31,72.92,Master,6.43,90.63,Yes,No,5.67,5,5,4,7,18.979775487277916
Female,15,3.41,74.23,Master,1.1,31.31,No,No,6.61,1,3,1,5,3.352085404438171
Male,17,5.66,58.29,PhD,4.65,40.0,No,Yes,6.93,1,5,4,9,13.936910970527954
Female,21,4.89,97.28,HighSchool,4.04,87.6,No,No,4.04,1,8,10,4,8.459132790581503
Male,15,5.99,92.5,HighSchool,1.15,59.8,Yes,Yes,7.81,1,5,5,3,15.348487719215694
Female,19,2.43,83.45,PhD,4.99,66.7,Yes,No,7.57,2,4,9,2,17.44327724415161
Female,22,4.72,73.11,Bachelor,2.19,73.1,No,No,5.83,3,8,1,1,5.028764010625169
Male,21,2.71,70.59,Master,3.9,74.14,Yes,Yes,4.26,4,7,5,6,0.0
Male,20,3.14,82.55,Master,0.66,90.56,Yes,No,7.77,2,6,2,10,7.703014689242052
Male,18,3.95,77.27,Master,3.68,94.8,No,No,8.78,1,5,9,2,21.657281620108773
Male,15,5.31,53.11,Bachelor,2.45,76.81,No,Yes,5.2,2,5,6,8,8.092929034051508
Male,19,5.91,75.63,Master,6.58,48.67,Yes,No,5.62,5,10,2,6,18.061405751990304
Male,21,4.73,90.32,Master,0.46,87.18,No,Yes,4.92,1,2,3,5,6.713770049353771
Male,19,2.8,72.96,PhD,3.35,33.2,Yes,No,6.88,4,4,8,2,4.217803220530159
Male,20,2.82,52.6,Bachelor,3.67,45.02,No,No,4.77,1,8,1,7,11.302337885004018
Female,17,4.56,89.31,HighSchool,5.8,88.33,No,Yes,5.78,4,8,3,2,11.46660497534556
Female,19,1.81,60.07,PhD,4.59,46.65,No,No,7.49,4,1,10,5,13.219970906609525
Male,21,1.11,62.93,PhD,5.34,44.34,Yes,Yes,6.8,3,2,1,2,4.543252792817767
Female,19,2.45,58.24,HighSchool,6.22,38.98,Yes,Yes,5.93,3,5,8,10,16.078600490072795
Female,19,2.08,66.51,PhD,6.9,85.84,No,Yes,6.1,2,9,1,2,10.651600471519842
Female,19,2.13,87.84,Bachelor,2.51,62.5,No,No,6.81,2,10,5,7,15.482340314991468
Female,16,1.78,75.97,Master,4.3,73.87,No,No,4.03,4,7,4,9,7.050704723504299
Male,16,0.73,60.24,Bachelor,6.72,45.54,Yes,Yes,4.39,1,10,7,5,12.778146013894556
Female,17,0.6,93.89,HighSchool,7.92,79.27,No,No,8.41,5,5,5,7,7.0354192876642365
Male,15,5.93,93.98,HighSchool,7.12,79.4,No,No,4.39,5,1,8,4,10.393893850052457
Female,19,2.85,93.53,PhD,2.97,50.32,No,No,7.53,1,6,1,2,5.364164811883506
Female,20,2.61,61.94,Bachelor,1.56,56.69,No,Yes,8.6,1,8,5,3,2.0454804452611413
Female,15,4.24,72.56,Bachelor,3.92,43.63,Yes,No,5.35,3,7,4,2,0.0
Male,20,1.7,99.25,HighSchool,5.93,93.48,Yes,Yes,5.85,5,2,3,5,15.045720212523609
Female,15,5.72,88.6,Bachelor,3.94,71.96,No,No,6.84,4,5,5,6,7.373952288184282
Male,17,4.82,51.36,HighSchool,3.87,90.75,Yes,No,8.41,2,4,10,7,10.435101377124537
Female,19,0.99,53.26,Bachelor,6.71,49.72,Yes,Yes,8.71,3,9,3,3,1.7346160995067548
Male,19,2.8,73.2,Bachelor,2.89,80.82,Yes,No,7.7,5,10,8,4,8.049127316488509
Female,18,5.34,95.46,Bachelor,6.88,79.78,No,Yes,4.43,1,1,3,8,8.96588529803818
Male,20,5.7,76.94,HighSchool,3.25,74.96,Yes,No,7.35,5,6,1,4,14.782819347212111
Male,15,3.07,74.89,PhD,2.63,92.77,Yes,Yes,6.05,4,3,9,7,8.577579257016176
Female,15,3.87,55.27,Bachelor,3.63,55.58,Yes,No,6.35,3,9,9,6,18.59047073880504
Male,22,1.42,82.84,HighSchool,6.1,38.5,No,No,4.25,1,5,6,7,14.819556995985508
Female,22,5.95,91.11,HighSchool,1.01,73.66,No,No,4.96,4,6,10,1,7.714265042527606
Female,16,1.77,69.02,Bachelor,1.57,77.41,Yes,Yes,7.95,2,9,1,3,7.725858173980891
Female,18,5.69,88.78,Bachelor,7.61,67.38,Yes,Yes,6.27,3,9,8,6,14.283731647985668
Female,21,4.07,98.22,PhD,1.4,43.44,No,Yes,5.51,4,8,2,3,11.751436018791956
Female,22,3.84,60.19,HighSchool,4.54,62.79,No,No,5.92,4,9,9,7,15.499835038607147
Female,21,3.32,76.17,HighSchool,4.63,50.29,Yes,Yes,8.27,1,4,8,9,12.452063282563694
Female,16,1.77,64.36,Master,3.92,57.79,Yes,Yes,7.74,2,6,3,3,1.422484501790449
Female,16,1.47,89.64,HighSchool,5.16,71.94,No,Yes,5.36,4,5,5,1,9.920441622568104
Female,16,1.71,78.88,PhD,1.84,78.44,No,Yes,4.59,3,5,9,10,11.136668122712383
Female,20,1.53,81.73,Master,4.42,45.09,Yes,Yes,5.26,4,4,1,6,0.0
Female,20,4.79,89.9,Master,2.98,56.35,No,Yes,8.6,5,2,9,1,10.89139238529773
Male,17,2.43,69.8,Master,5.29,47.5,Yes,Yes,6.91,3,6,4,1,2.0454497438062935
Male,17,0.82,95.75,Bachelor,1.13,42.91,Yes,Yes,6.67,3,9,4,8,6.966759615731563
Female,16,5.83,76.65,Bachelor,4.57,80.92,Yes,Yes,6.98,4,1,4,9,11.98000567908346
Female,18,5.36,57.9,HighSchool,1.48,89.1,No,Yes,5.83,1,7,10,2,1.8947647831502952
Female,15,5.6,84.79,Master,2.23,54.07,Yes,No,8.04,3,6,9,9,13.76030738556693
Female,20,5.97,89.66,PhD,1.75,78.83,Yes,No,6.62,5,3,6,5,9.37086277862865
Female,18,1.46,65.84,Bachelor,1.46,88.3,No,Yes,4.58,1,1,8,8,6.339100070565535
Female,19,2.68,92.86,PhD,6.61,85.0,No,No,4.65,1,4,4,7,10.489009125090996
Female,20,4.67,95.31,PhD,2.29,41.88,Yes,No,6.68,1,9,3,7,1.5139189118359937
Female,20,4.33,63.85,Bachelor,7.42,92.16,Yes,Yes,8.68,3,2,1,4,8.168833891952017
Male,17,1.35,99.18,Bachelor,7.76,54.48,No,Yes,5.54,1,3,10,2,10.957994567516797
Female,15,4.99,57.04,Bachelor,4.57,52.05,No,Yes,8.35,4,2,7,5,10.874443298087856
Male,15,1.73,60.1,Bachelor,1.14,34.06,No,No,7.82,1,2,4,3,9.82062103774321
Female,22,1.73,59.21,Master,3.0,61.6,Yes,Yes,5.24,5,10,8,9,16.427061912760582
Female,21,3.45,94.7,Master,6.38,37.09,Yes,No,4.18,2,8,3,6,8.456061364821256
Male,21,3.76,82.71,Master,2.94,46.16,Yes,Yes,4.51,5,3,1,1,11.185747422544747
Female,21,3.69,57.61,Master,0.7,50.6,No,No,7.64,3,7,5,3,6.790874171744895
Male,21,1.0,72.02,HighSchool,4.45,82.57,Yes,No,5.0,1,8,2,4,3.314695632253611
Female,19,5.33,80.76,Master,6.76,86.91,No,Yes,5.86,1,3,3,9,9.729246908014602
Female,19,1.96,54.17,Bachelor,6.37,49.66,Yes,Yes,6.51,4,2,6,6,9.537187949358296
Male,20,1.21,94.12,PhD,1.4,85.82,No,No,7.63,1,8,3,4,13.349889240861586
Female,16,5.39,90.18,Master,5.38,85.72,Yes,No,4.57,5,3,3,1,7.98311427406895
Male,17,5.76,75.26,HighSchool,1.76,79.7,Yes,Yes,6.03,3,7,6,8,8.58751564198404
Female,17,5.24,98.36,Bachelor,1.75,39.54,No,Yes,6.43,2,1,5,2,15.558900234101895
Male,21,4.95,70.89,PhD,6.99,74.87,No,No,6.7,1,6,10,8,5.430017443266723
Male,20,4.1,99.21,PhD,2.0,91.43,Yes,Yes,8.09,2,9,9,6,8.808873077618372
Female,22,3.53,83.4,Master,2.11,74.37,No,No,4.86,1,3,1,8,14.165321891134942
Female,18,0.98,81.73,PhD,0.01,51.56,No,Yes,8.04,3,7,3,6,16.60738623268781
Male,16,2.75,58.3,Master,6.97,62.54,Yes,Yes,7.46,5,6,3,5,9.903206321101976
Female,20,2.55,94.1,Master,6.34,71.97,No,Yes,6.78,3,8,6,5,10.83183779081915
Female,16,1.93,71.37,Bachelor,5.02,63.19,Yes,No,7.5,2,3,8,10,10.122574149046626
Female,16,4.48,58.11,Bachelor,6.0,37.8,Yes,Yes,6.06,1,3,3,10,12.931655790246307
Male,16,3.23,50.63,HighSchool,1.22,50.28,No,No,4.69,2,4,3,8,9.363338355054061
Male,20,0.95,77.99,Bachelor,3.67,82.16,No,Yes,7.33,5,3,6,7,5.890243229927288
Male,21,1.71,76.37,Bachelor,2.81,85.99,Yes,No,6.62,3,9,8,8,9.549931158147565
Male,17,4.26,85.97,Master,0.75,38.92,Yes,No,7.2,2,4,6,8,6.524270016597019
Male,17,0.92,94.51,Bachelor,3.89,91.91,Yes,Yes,5.69,2,6,10,7,11.609578071904135
Male,21,5.18,53.97,Master,7.37,51.37,Yes,No,8.53,5,8,3,2,7.427697365213007
Male,16,3.22,86.57,Master,0.32,73.05,Yes,No,6.94,1,8,4,9,19.218015993238822
Male,18,3.14,59.37,Bachelor,2.33,78.87,Yes,No,4.43,2,5,1,7,5.427514371546893
Male,15,3.76,92.91,HighSchool,1.66,82.78,No,No,6.25,5,5,8,6,10.443016225982564
Female,20,5.04,90.95,HighSchool,1.91,91.47,No,Yes,7.78,1,6,4,9,18.569806607566022
Male,15,2.41,77.04,PhD,7.27,50.34,No,Yes,7.97,1,10,6,1,15.607446752289452
Female,22,4.23,85.51,PhD,3.74,85.8,Yes,Yes,6.47,3,7,3,2,10.246854886993326
Female,21,3.61,65.72,Bachelor,3.73,38.56,No,No,8.47,5,10,6,1,5.218984142758989
Female,18,1.97,73.56,HighSchool,6.08,75.83,Yes,No,5.34,1,7,9,10,9.84631166364523
Male,20,5.33,91.08,Master,1.24,78.23,Yes,Yes,6.05,3,4,9,3,1.413665925698572
Male,21,4.89,72.96,PhD,3.9,74.05,No,Yes,8.49,4,6,10,5,6.486958504521484
Male,16,4.12,67.89,Master,3.44,46.4,Yes,No,8.48,5,7,3,1,6.520512117518039
Male,17,5.18,74.71,PhD,4.78,86.75,Yes,Yes,7.43,4,5,3,4,8.043370669928391
Female,15,5.27,91.41,Bachelor,8.0,40.98,Yes,Yes,8.29,1,5,4,8,13.986939869975137
Male,19,4.4,66.76,HighSchool,6.16,33.49,Yes,No,4.44,5,2,7,6,8.55658606585416
Male,19,5.1,58.69,PhD,3.18,76.64,Yes,Yes,8.32,3,7,3,1,3.103213516813951
Male,18,4.34,85.6,HighSchool,6.62,60.91,Yes,No,5.6,1,6,10,1,10.728921296726618
Male,16,4.24,91.3,Master,1.37,85.19,No,Yes,4.89,5,1,8,3,22.565126227367323
Male,22,3.9,55.03,Bachelor,0.24,54.92,Yes,No,5.2,5,4,8,10,10.122554163017364
Female,15,4.64,61.99,HighSchool,1.64,40.94,Yes,No,6.09,4,3,6,8,11.028937606726881
Male,16,1.37,57.1,Bachelor,2.72,84.37,Yes,No,5.26,1,3,4,8,13.383027906063404
Female,15,5.34,67.4,HighSchool,4.08,65.68,Yes,No,5.6,3,7,5,3,5.613508042153667
Male,18,5.3,72.52,Master,4.92,42.3,No,No,4.67,3,10,2,7,15.605387683176914
Female,18,0.66,87.44,Master,7.28,76.82,No,Yes,5.48,1,4,6,3,0.0
Male,22,5.04,82.56,Bachelor,4.08,63.22,Yes,Yes,6.86,1,8,3,4,6.618564913656908
Male,19,1.21,81.05,Master,4.01,69.28,Yes,Yes,6.21,2,9,6,9,9.044995512457234
Female,16,2.34,67.62,PhD,0.4,59.96,Yes,No,5.73,4,3,5,4,8.41958872626804
Female,20,4.59,92.07,HighSchool,0.28,83.87,No,Yes,7.73,1,5,2,3,0.0
Female,19,1.38,73.56,Master,4.41,83.92,No,No,8.47,1,4,5,5,15.200899473305478
Male,16,5.0,98.96,PhD,3.51,76.11,No,No,7.78,2,10,5,7,13.562087924754174
Female,19,5.08,81.71,Bachelor,6.71,36.85,No,Yes,5.66,2,6,9,5,16.034457227495636
Male,20,3.29,56.31,PhD,1.29,84.53,Yes,No,7.72,5,10,8,4,17.161078687319353
Male,17,0.54,83.81,Bachelor,0.2,73.62,No,Yes,4.76,3,4,7,8,6.5998811083147135
Female,17,2.08,66.26,Bachelor,3.59,75.31,No,No,4.65,4,8,3,4,0.0
Female,22,3.89,84.32,HighSchool,1.9,53.59,Yes,No,5.73,5,3,10,2,14.889230376484155
Male,17,5.9,53.48,HighSchool,0.4,87.15,Yes,Yes,8.04,1,5,4,10,10.475486649133064
Male,17,3.97,58.74,PhD,5.8,77.15,No,No,5.23,2,1,6,6,4.027357520639697
Female,21,1.93,92.79,HighSchool,0.89,37.32,No,Yes,4.32,3,6,3,2,9.083598265202548
Female,15,3.99,61.36,HighSchool,4.87,56.51,No,No,4.66,5,5,9,3,21.0847846606613
Female,21,3.47,91.85,HighSchool,2.25,87.61,No,Yes,8.29,3,8,8,1,8.25116752430834
Male,21,4.79,63.96,PhD,1.39,33.07,Yes,No,7.17,2,9,6,5,13.551781536511593
Male,22,1.09,82.14,Master,3.04,92.49,Yes,Yes,5.27,5,8,4,9,5.512486032652657
Male,21,4.69,84.71,HighSchool,6.41,74.15,No,Yes,6.78,5,8,7,2,0.5665111727522358
Male,17,3.48,75.63,HighSchool,3.14,71.04,No,No,6.64,3,3,3,7,14.051402346614957
Male,20,5.8,65.27,PhD,6.01,47.59,No,Yes,7.28,2,4,10,5,13.460265859041339
Male,22,2.38,60.63,Master,1.0,46.17,No,No,5.17,1,4,8,2,4.765785826704628
Female,22,3.98,51.66,HighSchool,6.18,91.23,No,No,8.32,5,5,1,8,17.797496540126975
Male,18,5.63,65.2,Bachelor,1.9,49.39,Yes,Yes,5.55,1,9,3,6,0.27335515171547975
Male,22,1.06,82.66,PhD,5.42,80.41,Yes,Yes,7.47,2,9,5,4,1.8618496203899024
Male,18,5.65,96.92,HighSchool,4.53,55.55,Yes,Yes,4.08,5,10,5,4,7.064262026237316
Female,22,4.28,93.56,HighSchool,7.43,39.05,No,Yes,5.86,5,1,10,2,7.517814963396976
Male,15,0.87,88.3,Bachelor,3.1,30.7,No,Yes,5.76,1,8,2,3,13.037773537643087
Male,17,2.16,89.42,Bachelor,0.53,65.38,Yes,No,6.72,4,1,10,7,11.600189689053812
Female,22,4.39,83.25,PhD,0.15,93.43,Yes,Yes,4.36,1,2,8,3,9.057330052001165
Male,17,0.87,63.01,PhD,6.61,53.99,No,No,7.95,1,7,5,5,0.9680661610455648
Male,17,3.7,95.36,Bachelor,4.2,53.22,Yes,Yes,5.09,4,8,7,10,17.938367709207654
Male,19,2.4,83.54,PhD,6.2,52.37,No,Yes,7.39,2,1,7,6,3.9303955826638095
Male,22,3.92,78.02,Bachelor,1.88,63.84,No,Yes,8.02,2,3,5,6,3.3123435431991313
Male,16,0.75,55.55,HighSchool,2.76,58.64,Yes,No,6.81,5,7,8,4,5.538009295264138
Female,19,5.29,72.35,Bachelor,0.24,87.19,Yes,Yes,7.7,3,9,9,6,12.546270123275836
Female,16,5.85,73.02,Bachelor,7.69,62.86,Yes,No,7.31,3,8,4,3,4.887086999198463
Female,17,5.83,93.23,Master,5.34,63.0,No,No,5.78,5,8,4,7,14.623987514788027
Male,17,4.62,77.33,Bachelor,7.47,38.99,No,No,8.04,3,9,8,7,9.432818615096252
Male,19,1.22,69.02,Bachelor,2.12,93.88,Yes,Yes,5.47,1,10,1,4,12.000044698057925
Male,19,4.67,98.84,Master,4.89,46.25,No,No,6.86,1,3,4,2,10.48375306041537
Female,16,0.64,55.54,PhD,5.43,34.77,No,Yes,7.73,4,8,6,7,16.874996701820685
Male,18,0.62,71.13,Master,2.54,73.1,No,No,5.89,4,1,4,3,4.332755370612555
Male,16,2.28,52.1,HighSchool,6.78,68.7,Yes,Yes,5.51,5,8,6,1,10.36885512202797
Female,19,3.19,87.0,Master,7.58,56.98,No,No,6.3,5,7,5,2,0.0
Male,20,4.74,95.9,HighSchool,7.08,57.44,Yes,Yes,8.09,5,8,9,10,28.080093465379466
Female,19,4.26,64.0,PhD,5.91,81.03,Yes,Yes,8.65,1,1,10,9,16.714332667356274
Female,20,2.95,92.92,Master,2.22,42.72,No,Yes,6.73,3,6,9,8,10.040463888886398
Female,15,2.0,64.61,Master,2.25,83.32,Yes,No,7.31,5,7,4,6,7.3090739468357455
Male,19,5.98,95.54,PhD,7.71,72.17,No,No,8.52,5,5,4,6,9.666484631813654
Male,15,2.84,87.7,HighSchool,0.08,57.23,Yes,Yes,4.49,1,5,8,1,17.011783115508372
Male,18,2.98,90.25,Master,5.73,59.77,Yes,No,5.16,1,7,10,2,13.587647501706083
Male,16,1.4,50.9,HighSchool,5.65,46.68,No,No,7.54,1,3,4,4,4.004008488073255
Male,20,4.87,98.14,Master,4.98,78.89,Yes,No,8.12,3,6,2,3,2.375924909378588
Male,16,4.32,86.33,Bachelor,7.92,63.34,Yes,No,8.29,5,7,2,1,12.665223177539582
Male,15,1.71,65.24,Master,2.5,50.86,Yes,No,6.08,2,1,1,8,12.151144631568119
Female,20,0.95,91.47,PhD,2.72,68.74,No,No,4.45,2,2,5,7,13.030753486252996
Male,16,4.24,64.08,PhD,0.63,94.72,No,No,6.19,5,4,6,4,8.894077823090491
Female,19,4.1,93.64,HighSchool,3.54,58.29,Yes,Yes,5.15,5,8,9,9,11.316912755446204
Male,17,2.0,55.63,Master,2.09,89.84,Yes,Yes,5.46,5,10,5,4,16.191817557398693
Male,15,5.73,85.18,HighSchool,2.75,52.43,Yes,No,7.86,5,6,6,1,17.087346196522386
Male,16,1.33,77.03,HighSchool,6.68,33.56,No,Yes,4.38,3,1,6,10,13.514724378208108
Female,15,2.88,54.83,Bachelor,7.48,43.28,No,Yes,8.14,2,10,3,1,9.911704324199544
Female,21,5.69,62.09,Bachelor,1.49,57.22,Yes,Yes,6.14,4,5,4,1,8.163590820853553
Female,15,2.81,50.62,PhD,2.98,44.28,No,No,6.98,2,7,1,1,0.0
Female,20,4.01,73.44,HighSchool,7.43,30.01,No,No,4.45,2,6,4,4,2.708686219951769
Male,21,2.69,65.06,PhD,0.49,89.48,No,No,5.69,1,9,1,1,11.348309515247195
Female,22,2.01,79.92,Master,0.74,84.85,No,No,4.45,5,8,5,2,13.767126739055952
Male,20,5.91,64.86,HighSchool,1.3,78.25,Yes,No,8.81,5,4,8,4,15.545435041548096
Male,17,2.75,65.0,HighSchool,4.76,40.91,No,Yes,8.04,5,5,8,7,11.498461550435165
Female,21,5.42,87.16,Master,1.2,37.82,No,No,6.3,1,7,5,2,13.495694781476338
Female,22,1.76,52.41,Master,7.74,34.39,Yes,Yes,5.12,3,8,10,8,9.67341352750385
Female,19,1.67,95.14,PhD,3.57,77.06,Yes,No,8.67,3,5,2,7,12.270351682691503
Female,15,0.67,92.61,PhD,4.01,90.37,No,Yes,5.72,4,9,6,9,10.130288159399413
Female,16,4.08,83.39,Master,1.97,57.98,No,No,4.8,3,10,1,6,3.30937183425059
Female,18,2.53,79.66,PhD,3.77,37.74,Yes,No,6.82,3,4,7,4,12.579459862486344
Female,15,5.25,94.62,Master,5.3,63.31,Yes,No,8.72,5,4,4,6,16.780422023305718
Female,22,3.1,59.27,HighSchool,6.01,52.67,Yes,No,4.02,2,8,5,4,19.94129390208358
Male,15,5.83,53.95,HighSchool,6.03,54.36,No,No,5.19,3,1,6,7,11.657845006979976
Female,17,1.52,61.98,Bachelor,4.62,70.39,No,No,8.69,3,8,1,9,3.436150908108849
Female,19,5.28,89.73,HighSchool,7.23,76.72,Yes,Yes,4.86,1,5,9,3,8.89609631335593
Male,18,4.77,51.73,Master,6.54,37.19,No,No,4.57,4,1,10,3,8.0242430723741
Female,21,4.74,79.14,PhD,6.06,32.31,Yes,Yes,6.85,1,4,4,2,7.858889033139557
Male,21,5.15,99.77,Bachelor,0.44,94.63,No,No,8.31,5,2,8,1,12.200081283692164
Male,21,4.69,92.78,PhD,0.06,45.13,Yes,Yes,6.39,2,4,5,1,9.376846461983337
Female,22,3.94,76.07,Master,1.7,33.5,Yes,Yes,8.97,4,8,8,3,12.31351129232628
Male,20,1.22,53.18,HighSchool,5.31,42.34,No,Yes,7.4,1,5,1,7,7.717315238462908
Male,20,0.68,91.57,Bachelor,3.29,32.53,No,Yes,4.37,3,1,8,9,0.0
Male,16,5.56,79.95,Master,3.22,55.47,No,Yes,8.96,3,7,4,2,9.067569143467242
Male,18,3.89,55.75,Bachelor,7.08,82.16,No,Yes,6.04,4,1,2,7,9.405353806535942
Female,21,4.88,54.69,Bachelor,7.16,52.18,No,No,5.44,3,9,6,1,9.687634319104665
Male,20,3.15,95.48,HighSchool,7.27,58.87,No,Yes,6.79,1,3,2,2,5.094388972112384
Female,22,1.15,83.46,Master,2.51,73.91,Yes,No,5.52,1,3,5,6,10.059628622381943
Male,16,1.19,91.46,PhD,5.53,63.08,No,No,4.43,3,6,2,5,10.362610937644416
Male,19,4.27,93.95,Bachelor,2.17,85.99,Yes,Yes,4.01,3,10,3,8,10.346088991346566
Male,16,2.87,78.59,Bachelor,1.52,86.29,Yes,Yes,6.25,5,6,6,2,11.410853011151406
Male,20,1.6,75.87,PhD,1.48,30.64,No,No,8.18,2,6,1,1,4.679524662324221
Female,17,3.2,71.52,Master,2.74,80.57,Yes,Yes,6.86,4,1,6,7,11.1202941615755
Female,22,0.85,65.85,Bachelor,3.44,59.95,Yes,Yes,9.0,1,5,3,6,0.0
Male,17,3.7,71.73,Bachelor,6.65,94.27,No,Yes,5.43,4,6,7,8,5.897863575872377
Male,21,1.98,88.69,Bachelor,0.96,61.41,No,Yes,5.4,5,8,2,8,3.575070921701755
Female,17,4.89,80.1,Master,5.88,94.15,No,Yes,4.8,1,1,6,2,10.123661089498343
Male,21,2.21,94.63,Master,4.25,79.05,Yes,Yes,4.82,5,5,8,8,18.062226166482496
Male,21,3.0,72.17,PhD,2.3,46.16,No,Yes,5.43,5,3,1,6,6.996224476419359
Male,20,0.56,80.35,Master,3.94,65.0,No,No,7.96,3,2,9,9,15.375990896524339
Female,17,0.9,81.57,Master,2.4,94.49,No,Yes,8.53,4,8,5,7,12.938163281629345
Female,21,2.66,79.58,HighSchool,4.77,85.74,No,No,8.88,4,7,5,2,8.36566711735159
Female,18,3.14,85.13,PhD,3.47,36.33,Yes,No,5.16,3,10,5,8,12.906383504158388
Male,19,3.8,61.87,Bachelor,1.32,75.91,No,No,8.41,4,7,6,9,12.424018594159188
Male,16,2.1,75.62,Master,0.93,52.46,Yes,No,5.64,3,5,2,7,7.546397516036111
Female,16,4.32,55.21,Bachelor,4.37,30.45,No,Yes,4.56,1,9,6,4,9.748701748332673
Female,20,5.23,69.23,Bachelor,7.22,56.23,Yes,No,8.35,5,5,4,9,18.22665704900865
Female,17,4.79,74.38,HighSchool,2.75,45.26,Yes,No,7.18,5,2,8,4,11.81634486737848
Female,17,0.72,82.61,Master,5.86,83.23,Yes,No,4.82,4,3,9,4,10.220755600193295
Male,21,3.14,97.53,PhD,5.27,51.93,No,No,6.15,2,4,9,9,8.033247094152596
Female,22,1.08,80.03,Master,7.45,83.79,Yes,No,5.44,5,5,8,8,17.988075746323048
Male,15,1.83,87.18,Bachelor,6.57,30.04,No,Yes,7.68,3,3,3,4,0.0
Female,21,5.93,75.31,PhD,4.53,50.01,No,Yes,6.27,2,7,10,8,4.1011845970094924
Male,19,1.28,81.71,Master,5.26,45.68,No,No,8.95,2,5,4,8,10.934203441587549
Female,18,3.24,53.55,Bachelor,7.19,45.18,No,Yes,4.27,5,5,1,7,3.202299044426394
Female,16,3.9,62.72,Bachelor,3.2,34.43,No,Yes,5.78,5,6,9,10,17.275695014237222
Female,21,4.36,68.09,HighSchool,2.61,42.16,Yes,No,6.41,5,7,5,6,0.7113718731700818
Female,15,3.58,73.62,HighSchool,0.09,66.11,No,No,6.52,3,10,6,8,15.571832362553097
Male,15,0.55,52.28,HighSchool,6.61,48.94,Yes,No,5.58,2,10,3,7,11.272109673689503
Female,21,2.3,57.0,Bachelor,6.41,57.13,Yes,Yes,7.65,4,8,10,5,9.86267982053953
Male,20,3.35,63.84,Master,0.84,54.5,Yes,No,8.37,3,9,8,4,0.0
Male,16,0.98,98.58,HighSchool,4.61,86.93,Yes,Yes,8.69,1,4,7,2,0.0
Male,20,2.43,66.57,Master,3.71,88.84,Yes,Yes,8.03,5,5,1,8,10.24557638862463
Male,18,0.68,74.1,HighSchool,0.95,62.04,Yes,Yes,8.25,2,5,10,9,10.071839998072765
Female,15,0.93,59.8,PhD,7.84,51.46,Yes,No,6.75,3,8,5,4,10.331851424515017
Male,15,2.68,80.54,PhD,1.72,36.94,No,Yes,8.13,1,9,10,4,8.885918541343814
Male,19,1.23,64.03,HighSchool,0.54,91.97,Yes,No,5.52,3,7,9,5,8.676396838738329
Male,18,3.62,60.35,Bachelor,4.76,33.91,No,No,5.99,3,5,6,2,0.0
Female,15,4.29,75.83,HighSchool,5.91,49.35,Yes,No,5.58,4,3,8,7,14.99006155886309
Female,18,4.9,50.28,HighSchool,0.26,49.37,Yes,No,6.34,4,1,10,5,6.710069076205464
Female,16,1.6,50.38,Bachelor,5.27,50.83,Yes,No,5.43,3,9,1,6,4.476970381403883
Female,17,1.42,60.95,PhD,4.26,40.68,Yes,Yes,8.81,1,5,10,4,2.861204784454248
Male,15,1.08,51.84,Master,0.83,80.91,No,Yes,5.56,2,9,7,8,2.0033446802482606
Male,19,4.0,55.4,HighSchool,1.38,37.96,No,Yes,4.49,2,10,3,8,16.281889140825594
Female,16,4.39,66.94,Bachelor,4.54,71.27,No,Yes,6.63,5,4,9,5,14.36703847477444
Male,21,0.67,90.13,HighSchool,2.37,38.05,Yes,Yes,4.29,5,5,6,6,12.592877876770661
Male,18,5.65,78.6,Bachelor,7.51,34.58,Yes,No,4.55,2,4,5,3,7.227046909503161
Male,21,0.79,75.63,Master,6.55,89.11,Yes,No,5.1,3,2,8,1,0.0
Female,20,3.48,64.67,Master,7.87,42.36,No,Yes,6.32,3,1,8,9,21.58952377918903
Female,16,4.4,96.59,PhD,2.08,83.38,Yes,Yes,6.17,4,8,3,9,13.83675815631698
Male,21,5.29,69.85,Bachelor,7.76,65.4,No,Yes,8.0,4,4,2,3,8.303446000384978
Female,22,4.43,54.35,Bachelor,3.45,35.06,No,No,7.7,5,5,2,4,4.90803488851461
Female,22,4.91,80.85,PhD,2.78,92.1,Yes,No,6.13,2,6,5,7,1.008718735311927
Female,15,2.37,55.69,PhD,0.4,46.05,Yes,No,5.67,3,8,10,2,13.247493661383611
Female,18,4.98,67.26,Bachelor,0.42,85.88,No,Yes,5.58,2,8,7,3,4.038882465488723
Female,17,0.94,75.37,PhD,5.54,40.97,No,Yes,7.87,1,7,8,6,11.58934581431128
Male,16,5.42,93.71,Master,3.66,85.51,No,Yes,4.26,2,4,10,8,17.54366980561782
Female,15,3.51,74.68,HighSchool,1.81,30.86,Yes,Yes,4.06,1,6,8,1,8.832388109365775
Male,19,5.0,85.11,Master,4.91,63.27,Yes,No,7.98,4,4,8,4,12.568567701659424
Male,20,2.99,99.64,PhD,2.02,80.01,Yes,Yes,6.39,4,7,10,1,16.01599875949148
Female,18,4.04,56.57,Bachelor,4.62,90.76,Yes,Yes,4.65,5,1,3,2,3.066222940835141
Male,16,3.4,63.74,Bachelor,2.87,89.1,Yes,Yes,5.18,2,5,2,8,10.476712950217529
Male,22,4.52,69.73,Master,6.59,83.28,Yes,No,8.66,2,10,4,6,8.639972976600818
Male,16,0.95,71.09,Bachelor,6.57,87.73,No,No,8.3,1,10,1,9,0.0
Female,17,0.83,70.55,PhD,3.82,42.95,No,Yes,7.55,4,4,3,2,6.639166649335044
Female,22,1.86,95.38,Master,2.81,48.47,No,No,6.41,1,7,9,3,15.03105298262343
Male,17,1.38,85.7,Bachelor,2.9,48.78,Yes,No,6.6,4,9,7,9,17.58027079338597
Female,19,5.29,80.4,HighSchool,6.45,54.51,No,No,8.88,1,5,7,9,21.50558604647865
Female,20,1.71,65.47,HighSchool,2.63,55.57,Yes,No,8.83,4,4,1,6,0.0
Female,19,5.87,91.19,PhD,1.67,65.4,Yes,No,5.08,1,9,7,3,18.134838489406206
Female,15,2.35,97.75,Bachelor,0.68,40.39,No,Yes,8.06,4,5,10,5,11.104498821801899
Male,15,1.5,91.06,PhD,3.73,74.93,Yes,Yes,4.99,1,9,7,2,15.9332125368498
Male,19,4.84,50.08,Master,3.86,40.89,No,Yes,5.07,2,8,4,7,6.982287954022867
Female,20,4.12,81.82,HighSchool,6.73,50.17,No,No,7.38,5,4,7,10,9.551997606025575
Female,19,3.24,52.56,Master,1.77,62.72,Yes,No,6.03,1,7,8,8,4.4508371188655325
Male,20,3.55,62.88,Bachelor,3.05,81.77,No,No,8.66,5,5,3,6,12.721687832030803
Male,20,4.46,52.98,PhD,6.47,78.07,No,No,4.45,2,10,10,8,14.507180352658745
Female,21,1.76,80.19,PhD,6.59,71.96,No,Yes,6.56,2,4,2,2,0.5638521888483714
Male,22,5.98,84.33,PhD,3.08,40.13,No,Yes,8.59,4,5,7,3,0.0
Female,18,5.86,55.72,Master,3.67,65.56,Yes,Yes,8.52,5,5,5,7,12.403026171616968
Female,20,4.08,69.19,HighSchool,2.43,35.68,No,Yes,4.78,3,9,5,10,13.567151834723663
Male,17,1.6,72.81,Master,7.46,54.53,No,Yes,5.83,4,9,5,1,0.9801424413711706
Male,20,4.24,68.45,Master,0.95,56.88,No,Yes,7.1,5,6,7,7,4.547957933145189
Female,20,0.9,56.05,Bachelor,7.47,32.59,Yes,No,4.8,1,4,9,6,11.67264089573124
Female,20,0.67,70.95,Bachelor,5.47,47.81,No,No,8.84,1,2,8,8,19.03466849162443
Male,21,1.92,87.56,Bachelor,4.25,92.12,Yes,Yes,8.57,2,3,6,7,8.06224900545967
Female,22,3.04,53.55,HighSchool,0.26,91.99,No,No,4.83,3,2,7,4,4.36410533638532
Male,21,5.28,54.01,HighSchool,3.8,52.9,No,Yes,4.61,1,5,9,3,10.484592318752897
Female,15,4.5,67.74,Bachelor,3.26,32.8,No,Yes,4.43,5,6,6,3,10.964465324240354
Male,21,4.58,97.09,Bachelor,1.29,41.64,Yes,No,8.55,5,5,1,4,6.056049520537945
Male,17,2.84,83.43,HighSchool,5.25,55.49,Yes,Yes,4.97,1,2,4,9,20.574155417459764
Male,17,2.4,83.93,PhD,7.77,91.61,Yes,Yes,6.08,5,5,8,9,16.718525610708397
Female,21,2.54,68.1,HighSchool,4.5,39.18,Yes,Yes,6.24,5,9,7,2,5.036246469841666
Female,22,5.93,79.68,HighSchool,5.72,79.63,Yes,No,7.0,2,4,3,5,1.7925851386089748
Male,19,0.72,50.51,HighSchool,0.55,37.06,Yes,No,4.36,3,10,10,1,12.641608939074363
Female,18,5.27,81.8,Bachelor,3.34,93.78,No,No,5.13,2,2,3,4,15.297256181075365
Male,22,3.68,95.66,PhD,0.93,54.81,Yes,No,8.66,3,3,3,2,5.82423565019117
Male,21,2.91,80.63,HighSchool,4.9,80.39,No,Yes,8.54,5,3,1,8,11.243577288062722
Female,20,4.49,93.68,Bachelor,7.51,52.27,Yes,No,7.91,3,9,10,4,9.899450512587457
Female,16,3.18,86.2,Master,5.29,70.8,Yes,No,4.1,5,4,1,5,10.676994405544841
Male,18,5.3,56.03,Master,0.61,42.48,Yes,No,5.64,5,1,6,4,3.3257523443415895
Female,18,5.45,95.12,HighSchool,2.84,39.49,No,Yes,7.14,2,1,1,5,2.7858043996157704
Female,17,2.82,53.32,Master,4.41,90.97,Yes,No,5.38,2,7,5,5,12.601318663802617
Male,18,2.02,76.7,PhD,3.23,89.65,Yes,No,8.55,4,7,4,5,13.29007421754799
Male,21,3.76,57.11,Master,6.67,87.69,No,Yes,7.17,1,2,5,3,5.5171398718919695
Female,20,5.52,50.59,Master,6.52,70.65,No,Yes,4.36,4,9,7,7,6.993094620194878
Male,20,1.66,71.1,PhD,4.89,82.54,No,Yes,8.55,4,9,6,3,13.485632260723492
Male,15,3.93,64.75,HighSchool,2.99,34.49,No,Yes,8.79,3,5,9,2,4.327987403424104
Female,20,3.97,74.3,HighSchool,2.04,51.76,Yes,No,4.39,5,3,6,3,8.42925627992883
Male,22,4.53,78.86,PhD,0.85,50.39,No,Yes,6.66,5,3,9,3,9.028525108136733
Male,20,1.22,52.19,PhD,2.84,71.32,Yes,No,5.52,5,3,4,8,1.3455702732404031
Female,17,4.44,56.15,PhD,3.31,53.14,Yes,No,5.96,1,6,1,4,7.783871335393343
Female,20,5.5,77.93,Master,5.41,39.65,No,No,4.9,3,4,1,3,7.602934767020801
Male,15,1.49,67.16,PhD,5.27,68.77,Yes,No,6.89,3,8,10,10,13.78715639050803
Male,16,1.81,86.46,Bachelor,0.56,82.93,No,No,8.79,5,5,7,5,10.36755434826643
Female,21,5.84,82.61,Master,3.16,54.84,Yes,Yes,6.52,4,1,3,4,19.48953704706686
Female,17,1.5,92.28,HighSchool,1.45,38.6,No,No,4.41,1,9,2,9,15.04879115661615
Female,22,5.2,84.62,HighSchool,1.25,42.78,No,No,7.1,4,1,6,8,11.46824500227401
Female,16,3.21,71.5,HighSchool,6.62,45.44,No,No,5.7,2,6,6,7,10.288995419247694
Male,17,1.86,83.65,Master,0.34,49.49,No,Yes,8.28,3,1,7,8,19.16139603875395
Female,19,5.29,63.77,Bachelor,3.35,71.78,No,No,6.17,3,3,5,5,13.780138930026236
Female,18,2.95,65.32,PhD,1.35,69.06,No,No,4.96,4,10,8,4,2.775785697527767
Male,19,3.33,89.45,PhD,7.03,75.25,Yes,Yes,4.96,1,5,7,7,15.865241114035483
Female,20,2.48,72.32,HighSchool,4.46,53.56,Yes,No,7.84,3,10,2,1,11.546805410299713
Male,16,3.76,89.92,HighSchool,1.85,83.56,Yes,No,5.33,4,7,1,6,17.261385378878924
Female,20,1.4,91.12,Master,4.02,43.27,No,Yes,7.84,1,10,9,8,8.851541591962556
Female,18,2.65,92.88,Bachelor,5.85,60.49,Yes,No,5.03,4,8,5,7,7.683947522655163
Female,17,5.83,95.83,PhD,7.66,82.06,No,No,5.61,1,9,5,2,4.639024892763348
Male,18,1.92,71.55,Master,1.76,41.71,Yes,No,6.33,5,6,10,7,11.789337321680668
Male,15,4.11,65.94,PhD,7.09,37.14,Yes,No,8.72,1,9,4,6,12.229337912278496
Female,18,2.29,79.11,HighSchool,7.47,87.44,No,No,8.66,2,8,2,5,5.571454066612477
Male,15,4.75,68.56,PhD,7.33,52.29,Yes,Yes,5.03,5,9,5,4,7.793523511654196
Male,18,1.22,80.05,Bachelor,5.08,74.45,Yes,Yes,5.79,4,10,2,1,0.0
Male,21,5.83,85.28,Bachelor,5.04,31.65,Yes,Yes,4.75,5,4,7,2,16.17064525201325
Male,15,3.0,84.42,HighSchool,3.23,74.85,No,No,6.55,5,9,9,7,3.6047181424995136
Male,16,1.8,68.73,Bachelor,6.02,50.55,Yes,No,6.3,4,7,9,10,13.36679876096402
Male,20,0.9,58.34,Bachelor,4.25,33.62,No,No,8.5,4,5,6,3,7.273874166861737
Female,22,1.43,71.53,Master,5.42,69.64,Yes,Yes,8.65,2,5,1,5,7.139739842657984
Female,20,3.36,57.13,PhD,3.43,45.65,Yes,No,5.92,4,1,6,8,10.11488439169845
Male,19,2.35,94.5,HighSchool,5.85,55.14,Yes,No,6.46,3,2,5,8,5.31889412138583
Female,20,5.06,67.29,HighSchool,6.6,35.24,Yes,No,8.48,3,10,4,6,7.307173979027526
Female,17,2.87,57.72,HighSchool,1.17,39.57,No,Yes,8.03,2,3,6,5,12.81575326126085
Female,21,1.87,51.27,HighSchool,6.66,49.37,Yes,Yes,4.02,1,8,6,2,12.39927750218318
Female,18,3.89,82.29,HighSchool,4.32,35.83,No,No,5.6,1,6,6,9,8.936795307125298
Male,19,4.39,81.85,Bachelor,6.76,89.2,No,No,6.11,3,10,2,1,0.0
Female,17,1.42,67.03,Master,3.45,30.39,Yes,No,5.15,4,5,7,2,2.3933307435147673
Female,17,1.42,53.59,HighSchool,3.03,61.45,Yes,Yes,5.0,2,1,4,1,14.368185474264411
Male,15,0.7,70.48,Master,7.32,38.01,No,Yes,4.19,1,9,9,4,4.25887755006387
Male,20,4.55,65.56,Master,2.01,50.0,No,Yes,7.22,1,3,10,4,9.3007816487011
Female,16,4.15,83.86,Bachelor,6.75,90.19,Yes,No,5.31,5,3,2,5,16.159161810099125
Female,22,3.11,80.29,HighSchool,3.87,40.51,Yes,Yes,4.26,3,2,5,5,5.828419973314455
Female,16,5.14,68.23,Bachelor,4.11,92.78,Yes,No,5.15,4,4,4,8,10.330823051761618
Female,19,4.93,60.89,HighSchool,2.47,43.38,Yes,No,8.01,2,2,9,3,12.838791453781553
Female,21,3.72,99.4,Bachelor,4.58,78.2,Yes,Yes,8.26,1,9,4,6,18.793034337647526
Female,16,5.28,72.7,Master,2.6,65.53,No,No,6.42,5,10,8,3,6.275840676525108
Male,18,1.63,84.41,HighSchool,0.31,87.49,Yes,Yes,6.08,3,7,8,2,15.294576220605915
Female,16,1.12,57.03,PhD,2.18,66.01,Yes,No,8.89,3,8,6,8,7.871456450678393
Female,19,1.98,74.28,Master,0.05,64.75,No,No,5.0,2,3,6,1,2.1857564726753083
Male,22,0.81,51.38,PhD,7.83,42.7,Yes,Yes,5.08,1,6,8,9,10.867182151537786
Male,16,3.42,75.27,Master,7.73,40.8,Yes,No,5.46,2,10,10,7,5.154259711157016
Male,18,5.65,98.2,Bachelor,3.16,89.57,No,No,4.86,2,6,9,10,17.057457157314406
Male,15,0.72,69.21,HighSchool,5.83,51.31,Yes,No,5.9,5,1,5,4,22.638740055672706
Female,21,1.17,51.95,Master,2.77,54.19,No,No,8.55,3,6,1,3,10.438304076268468
Female,19,2.99,51.55,Bachelor,5.37,79.39,Yes,No,7.08,4,3,1,6,7.105801811049387
Female,15,5.64,69.4,HighSchool,6.44,52.02,Yes,No,6.06,3,3,2,9,15.739409538372165
Female,15,2.24,58.0,HighSchool,7.57,91.88,Yes,No,8.67,3,3,10,9,7.315991356913677
Female,15,3.29,51.17,Master,3.2,77.97,No,No,4.24,5,10,10,4,5.592126819989149
Female,17,0.73,87.81,HighSchool,6.27,68.83,No,Yes,5.05,4,10,5,10,10.417076123943678
Male,21,1.32,72.93,Master,2.13,87.26,No,Yes,6.83,1,8,4,5,8.600005999249188
Female,22,5.93,64.46,HighSchool,7.92,33.22,No,No,7.08,4,5,1,9,3.3036859039511652
Male,20,5.81,95.0,PhD,0.21,46.71,Yes,No,4.2,1,4,4,2,6.775812539447843
Male,21,0.53,55.81,Bachelor,4.83,60.23,No,Yes,6.02,4,9,4,2,4.5679564150697285
Female,17,5.73,97.8,PhD,5.28,44.75,No,No,7.25,2,9,10,5,19.330861739193168
Male,20,4.02,65.7,Master,5.5,78.35,No,Yes,7.49,4,1,4,1,0.37927241832584535
Female,21,5.27,94.42,PhD,0.96,89.75,Yes,Yes,7.19,5,2,1,8,4.1053572970721355
Male,15,3.0,80.15,Master,7.51,57.55,Yes,Yes,5.6,1,8,9,5,10.834044713022834
Female,19,3.34,91.34,HighSchool,1.45,52.24,No,No,4.47,3,5,3,10,16.77538301363696
Male,20,3.19,99.2,HighSchool,4.98,92.5,No,No,6.14,5,7,4,2,11.059965070202576
Female,18,4.17,64.42,Master,1.78,58.92,Yes,No,4.64,1,1,5,9,12.292384467114868
Female,18,1.27,98.06,PhD,2.46,61.79,No,Yes,8.74,1,10,7,2,6.342559849992346
Female,16,0.66,69.47,HighSchool,4.37,52.86,No,Yes,6.38,3,5,6,7,12.085824646474158
Female,20,2.19,69.28,Bachelor,3.34,89.12,No,Yes,5.59,2,3,5,8,14.371246099083542
Female,19,4.38,67.02,HighSchool,1.28,66.98,No,No,7.83,5,10,8,6,9.215645669076618
Male,22,1.61,77.07,Bachelor,1.37,79.54,Yes,Yes,6.49,3,2,1,7,3.6037774490678522
Male,17,4.2,57.71,PhD,3.35,82.77,Yes,Yes,5.55,3,2,7,1,2.9560895232359536
Male,15,5.83,77.69,Bachelor,6.06,52.22,Yes,No,8.06,2,9,6,4,13.900771390238328
Female,16,1.02,77.09,Bachelor,7.18,58.19,No,Yes,8.34,5,4,5,7,1.163133394512223
Male,18,4.2,88.1,Bachelor,0.67,85.15,No,Yes,7.37,3,4,7,1,17.011295876485562
Female,17,2.94,91.68,Bachelor,3.14,53.61,Yes,No,4.23,2,7,3,1,4.117971532526983
Female,17,5.27,72.02,HighSchool,0.8,81.61,Yes,No,6.83,5,10,1,6,10.748459651521191
Male,15,1.47,65.12,Bachelor,0.13,91.16,Yes,Yes,7.82,4,10,9,4,12.573350289885465
Male,22,4.31,62.97,HighSchool,5.29,70.51,No,No,4.68,1,2,2,3,3.7048714248545735
Female,22,5.11,59.73,Bachelor,4.82,78.21,Yes,Yes,5.14,2,3,10,5,8.600610786723774
Male,20,5.7,52.88,Master,1.3,82.33,No,No,8.41,1,3,3,9,11.572850009727878
Female,18,4.26,67.12,PhD,1.87,84.93,No,Yes,4.1,4,6,8,10,8.547595903921962
Female,22,3.23,63.51,Bachelor,0.19,55.68,Yes,No,7.76,3,3,10,10,6.972691183337123
Female,19,3.9,98.32,Master,6.68,33.33,Yes,Yes,6.37,3,5,9,10,7.987288776601271
Female,22,5.28,77.89,Bachelor,7.8,56.12,No,No,6.23,5,4,3,3,14.01683143045106
Female,17,3.64,67.36,Bachelor,1.08,73.79,Yes,No,4.04,2,3,6,5,11.242224233576666
Male,15,0.67,79.02,Bachelor,1.85,59.27,Yes,No,8.1,2,8,7,10,6.95816470561826
Male,19,5.62,56.96,Master,6.95,78.68,No,No,5.8,5,10,1,5,12.694197281170489
Female,20,4.29,72.2,PhD,7.41,53.2,No,No,6.7,1,3,7,9,7.857223765835588
Female,18,4.22,81.31,Master,3.36,71.26,No,No,7.39,3,6,4,10,2.000438991712965
Male,20,1.69,74.44,PhD,0.4,42.12,No,No,7.51,3,7,5,4,10.735644955801764
Male,17,4.12,70.09,Bachelor,0.32,78.71,No,Yes,8.78,2,7,8,1,16.45605475904953
Female,19,2.67,99.69,HighSchool,4.59,65.47,Yes,Yes,6.66,2,2,4,10,14.358298357595082
Male,19,4.08,94.02,Bachelor,3.14,43.26,No,No,6.0,5,3,4,5,0.0
Female,19,1.09,81.17,PhD,0.23,48.97,No,No,8.77,4,10,8,1,6.632722998896229
Male,17,4.12,78.47,Master,4.67,78.66,No,Yes,7.21,1,10,5,6,8.702410001235188
Female,17,6.0,81.03,Bachelor,0.09,61.37,Yes,Yes,5.49,4,4,6,10,14.749360813219464
Male,20,0.77,60.07,Master,6.3,44.04,No,No,4.63,4,7,5,10,5.254553615656029
Female,16,5.87,69.76,Master,2.45,92.87,No,Yes,8.21,2,2,1,7,8.430813749532309
Male,20,2.74,51.97,Master,0.32,76.48,No,Yes,5.81,2,3,7,1,0.0
Male,18,5.29,73.78,Bachelor,4.71,92.21,Yes,No,7.3,2,7,6,10,14.08245391220693
Female,15,4.8,77.15,Master,3.18,57.76,No,No,6.35,4,7,2,4,1.075220403637311
Male,19,3.62,61.39,Master,7.79,60.88,No,No,4.99,1,10,7,9,13.294422428614673
Female,16,4.56,98.2,Bachelor,4.35,88.37,No,Yes,7.01,2,3,6,1,5.084664054984756
Male,15,5.33,95.47,Master,2.2,64.13,Yes,No,4.3,3,1,5,9,0.0
Female,16,2.72,86.11,Bachelor,5.68,75.97,Yes,No,6.07,1,3,8,8,15.559490715495665
Male,22,2.3,76.67,PhD,2.17,46.39,Yes,Yes,6.73,3,5,5,5,10.618100096062001
Female,22,4.17,93.5,PhD,7.23,59.04,Yes,No,6.18,1,7,2,6,16.018510238853494
Male,21,4.94,56.53,PhD,3.0,38.02,No,Yes,7.74,2,4,6,7,0.0
Female,22,4.69,89.53,Master,4.4,43.39,No,Yes,8.14,5,1,1,4,4.4569523008180845
Male,20,4.89,56.24,HighSchool,0.4,30.06,Yes,Yes,7.86,2,6,5,6,9.40236480280933
Female,22,2.9,89.71,HighSchool,3.41,32.55,Yes,Yes,4.19,4,2,6,7,12.660829465181582
Female,17,5.0,63.79,Master,6.66,93.52,No,Yes,4.97,4,3,7,6,3.5696803113028377
Female,19,1.16,93.85,HighSchool,6.45,45.75,No,Yes,6.68,1,4,2,6,9.951799788636077
Male,20,3.49,97.2,Bachelor,1.79,73.12,Yes,No,8.67,4,6,1,2,4.215515456953062
Female,15,0.53,57.44,HighSchool,1.81,84.54,Yes,No,8.17,2,6,6,5,0.0
Male,21,2.29,73.13,Master,6.54,65.79,Yes,No,8.21,3,7,3,3,3.072295064741722
Female,21,2.52,99.05,Master,7.44,39.95,Yes,Yes,5.52,2,5,5,7,12.350385683069286
Male,21,2.68,74.17,Bachelor,0.76,77.33,No,No,6.15,1,7,2,4,0.0
Female,15,4.33,93.18,PhD,3.6,69.02,Yes,Yes,6.35,4,2,1,1,9.893059198043794
Male,15,2.64,79.44,Master,2.7,77.53,Yes,No,4.79,3,1,1,6,9.706690012008814
Male,15,2.97,68.77,Bachelor,6.97,80.03,No,Yes,4.16,5,10,4,6,7.782404614274644
Female,15,1.81,64.29,HighSchool,0.67,93.4,No,No,8.73,3,8,10,7,2.844712450078756
Male,21,2.55,60.16,HighSchool,1.69,67.28,No,Yes,5.2,3,1,2,8,0.9956558828292543
Male,21,1.75,88.09,Bachelor,6.02,52.21,No,No,5.2,2,2,1,3,4.194491774338228
Female,16,0.9,69.33,Bachelor,0.41,72.15,No,Yes,4.42,5,10,6,6,3.0581998905750787
Male,20,3.82,75.56,Master,3.94,34.45,Yes,No,8.64,1,6,4,10,9.015006972546814
Male,19,4.18,74.62,HighSchool,3.54,88.33,Yes,Yes,6.9,1,1,10,2,14.208110786741496
Male,22,3.91,78.86,Bachelor,2.68,37.76,Yes,No,7.34,3,10,7,9,9.919893912920362
Female,22,3.05,93.28,HighSchool,3.16,51.31,No,No,8.56,3,3,6,2,6.342375311344176
Male,17,2.59,99.04,Bachelor,4.24,83.02,Yes,No,5.73,4,7,5,3,7.169336121675936
Female,21,5.25,70.38,HighSchool,1.29,68.83,No,Yes,7.11,5,8,10,10,18.6550096548252
Male,17,3.35,91.38,PhD,4.58,55.59,Yes,Yes,4.19,3,4,2,2,13.260049437428354
Male,20,3.14,88.23,Master,6.44,60.77,Yes,Yes,4.93,4,3,5,9,13.227968560867552
Male,20,0.64,78.68,HighSchool,6.08,85.55,No,Yes,8.16,5,1,9,1,8.210357586991964
Female,17,2.38,97.8,PhD,1.23,52.1,No,Yes,7.83,1,9,9,5,11.275813074279808
Male,21,2.59,60.02,HighSchool,1.19,86.53,Yes,No,5.75,4,10,2,1,12.806959511265433
Male,17,2.69,55.46,HighSchool,2.15,35.73,Yes,Yes,5.88,5,6,7,5,10.435663800436103
Female,22,3.69,92.7,PhD,2.89,80.49,Yes,No,6.67,4,6,10,8,20.478994548782726
Male,16,3.43,71.96,HighSchool,3.27,85.09,Yes,No,4.0,3,9,4,8,8.337175740064621
Female,22,3.84,92.35,HighSchool,5.44,41.82,Yes,Yes,5.21,2,1,3,8,3.3650549014927753
Female,18,4.71,94.65,Master,0.45,57.97,No,No,5.04,1,6,1,2,3.8376025801714095
Male,21,4.97,53.12,PhD,0.28,40.76,No,Yes,5.25,3,5,3,8,6.482815346239842
Female,21,4.45,94.17,PhD,3.14,75.93,No,Yes,8.03,3,6,9,5,19.346339638681467
Male,19,5.76,72.42,Bachelor,5.58,64.8,No,Yes,5.4,5,8,9,1,12.654668722680068
Female,15,0.6,75.52,HighSchool,1.55,71.3,Yes,No,4.96,4,5,7,7,6.344317378411933
Female,18,1.58,81.33,Master,5.13,42.77,Yes,Yes,6.52,1,2,3,6,11.869355884663484
Male,20,0.54,96.32,HighSchool,2.08,43.76,No,Yes,8.33,3,2,3,5,6.73289444454009
Female,21,4.06,50.96,HighSchool,7.09,32.7,Yes,Yes,5.21,5,10,4,1,13.679558460384825
Female,17,5.44,73.84,Bachelor,7.17,50.93,No,No,4.39,1,5,7,1,6.341293776554773
Female,18,1.84,84.39,HighSchool,2.38,66.38,Yes,Yes,5.78,4,3,7,6,2.0008537146070573
Female,19,5.6,86.14,Master,1.84,85.77,Yes,No,7.74,3,10,2,10,11.205844667496583
Female,20,0.83,84.63,Master,3.29,73.35,Yes,No,6.75,3,3,5,7,7.6721283396135185
Male,15,5.64,56.72,Bachelor,1.92,58.3,No,Yes,8.08,3,8,7,10,5.507466760258406
Female,15,2.43,64.97,HighSchool,5.38,91.95,No,No,8.8,1,7,7,10,14.789658786391538
Male,19,1.06,67.94,Master,6.61,76.75,No,No,7.96,1,1,6,1,13.420794151585236
Female,19,3.17,90.22,HighSchool,5.38,90.46,No,Yes,7.02,1,5,10,9,7.671378381385669
Male,17,1.91,63.94,HighSchool,6.59,64.29,Yes,Yes,6.47,1,9,10,4,13.83155196461087
Male,21,2.07,60.54,HighSchool,3.18,46.83,Yes,Yes,4.2,5,4,8,5,5.447645863389312
Female,15,2.19,97.87,Bachelor,1.25,33.43,Yes,No,8.92,2,1,3,2,6.257107216883635
Female,20,4.92,50.44,HighSchool,5.9,77.2,Yes,Yes,5.92,5,8,1,10,9.676338878007707
Female,18,3.47,99.89,Master,2.88,37.88,No,No,4.76,3,5,3,8,9.91874567465538
Male,20,2.21,83.84,HighSchool,5.37,49.68,Yes,No,7.33,5,2,2,2,8.358213359975286
Female,16,3.86,91.42,Master,2.17,64.61,Yes,No,5.42,4,1,2,3,2.557886797761327
Male,16,4.44,64.73,HighSchool,0.65,66.69,Yes,No,6.93,1,3,2,9,16.618200545531142
Male,19,2.0,50.72,Master,7.94,69.04,No,No,6.93,4,9,5,2,8.720113783583816
Male,17,2.77,86.89,Master,1.25,40.81,No,Yes,6.23,4,1,1,6,12.008813881698636
Female,16,1.17,91.71,HighSchool,7.91,54.68,No,Yes,8.18,3,4,10,4,5.412570235374423
Female,15,1.5,87.02,HighSchool,7.82,70.12,Yes,No,5.32,1,8,4,7,3.7391306948137633
Male,20,4.25,57.14,Master,6.35,93.04,No,No,6.24,4,8,10,6,17.188567159372017
Male,20,1.5,87.67,PhD,5.28,77.3,Yes,Yes,6.69,3,10,5,10,5.487353770681003
Female,19,3.39,88.45,Bachelor,4.62,89.97,Yes,Yes,7.32,1,8,2,9,11.655426206127208
Male,21,4.4,82.93,PhD,6.93,79.54,Yes,No,7.92,2,10,5,9,16.933679158439702
Female,21,1.09,88.31,PhD,2.32,68.46,No,No,5.97,3,8,10,10,11.820490154475703
Male,18,3.62,92.3,HighSchool,3.74,42.48,No,Yes,7.23,5,4,4,4,14.116985315148156
Female,19,1.91,80.68,Bachelor,4.96,73.33,Yes,Yes,4.75,1,8,8,1,6.193208481030827
Male,22,5.8,54.43,PhD,3.29,70.52,Yes,No,8.66,4,9,1,2,0.2762100060948409
Female,18,3.16,74.38,HighSchool,3.42,69.16,No,Yes,5.92,4,7,5,8,12.249462705544087
Male,22,4.93,53.88,PhD,2.64,61.84,No,Yes,7.65,5,2,10,10,13.816680168572269
Female,21,3.53,70.38,PhD,4.51,64.36,No,No,4.1,5,9,1,8,22.550481219037053
Female,19,0.74,70.36,HighSchool,6.8,51.74,Yes,No,5.03,4,8,10,2,2.7160556694349003
Male,22,3.98,53.3,HighSchool,1.61,63.76,Yes,No,6.44,1,5,10,4,8.206964473353246
Male,19,5.73,67.44,HighSchool,7.48,42.84,Yes,Yes,8.39,3,3,4,1,3.217671899081396
Female,19,3.81,55.55,Bachelor,5.51,82.34,No,No,6.64,5,7,8,7,10.024877092141018
Male,21,5.01,90.41,PhD,6.59,42.08,No,Yes,8.65,5,2,1,4,6.943887837968163
Female,18,5.36,97.38,HighSchool,4.45,35.52,No,No,6.42,5,3,2,8,6.014300889697457
Male,18,1.75,53.62,Master,6.24,58.36,Yes,No,6.45,2,9,1,9,10.61698804848444
Female,19,1.67,97.76,PhD,0.13,72.79,Yes,Yes,4.6,1,4,7,9,10.585880639552679
Female,16,3.86,76.13,Master,6.55,58.45,No,Yes,8.01,1,4,2,3,13.824314839419596
Female,17,2.76,64.98,Bachelor,0.32,47.99,Yes,No,5.23,1,3,1,5,3.570414383556744
Female,21,5.12,53.84,HighSchool,7.12,66.28,No,No,8.5,1,5,6,6,19.09566535659111
Female,17,5.45,75.03,Master,7.94,52.56,Yes,Yes,8.55,1,3,6,6,11.661470031875742
Female,17,2.44,89.73,Bachelor,2.35,90.64,No,No,8.72,4,9,10,10,19.837367197925495
Male,18,1.8,85.35,HighSchool,1.68,89.97,Yes,Yes,6.6,5,3,2,8,10.25716732811434
Male,18,4.79,52.51,Master,6.12,62.65,Yes,Yes,7.39,4,2,1,6,4.141028000720131
Male,16,2.01,53.65,Master,2.02,51.31,No,No,7.89,2,5,10,6,8.12209539920434
Female,17,5.02,70.14,Bachelor,6.92,77.91,No,Yes,4.66,3,6,3,4,1.6365589458115704
Female,17,2.83,64.76,HighSchool,0.82,32.39,No,Yes,7.0,5,1,10,7,9.664931919032464
Female,19,4.17,61.62,HighSchool,1.01,60.86,No,Yes,4.17,2,6,5,8,11.094264380659151
Female,18,1.03,64.05,Master,7.83,51.86,No,No,6.49,4,10,6,3,6.899313978427227
Male,17,3.93,90.17,Master,5.39,89.83,Yes,Yes,4.77,3,3,3,7,17.12448612568432
Male,20,2.98,96.46,Master,6.78,30.78,No,No,4.91,2,4,9,3,8.15573084468546
Female,16,3.73,70.26,HighSchool,2.59,65.93,No,No,5.83,3,6,5,8,0.9484320357889171
Male,22,1.42,95.31,Bachelor,5.41,78.14,No,No,6.16,2,8,2,1,23.810425054798905
Male,20,4.55,66.07,Bachelor,4.75,61.53,Yes,Yes,7.12,4,9,10,1,5.079657292583384
Female,20,5.25,73.82,HighSchool,4.83,35.55,No,Yes,4.37,3,6,6,6,14.669325543956228
Male,22,1.69,61.3,PhD,5.46,93.21,No,No,6.52,2,7,8,10,4.257966644775896
Female,21,1.03,82.02,Bachelor,4.6,63.67,No,No,4.91,4,5,6,9,11.672060867341774
Male,21,0.63,98.95,Master,3.43,69.92,Yes,Yes,6.87,5,9,4,4,3.846170959643168
Female,16,4.03,80.17,PhD,2.21,45.38,Yes,No,7.19,4,4,6,6,0.0
Female,20,3.84,67.89,PhD,6.15,61.43,No,No,6.78,4,10,8,5,8.287250024787268
Female,17,3.51,82.39,Bachelor,1.81,57.89,Yes,Yes,7.69,5,6,8,1,7.683173208847513
Female,18,1.78,56.15,PhD,5.54,34.87,No,No,5.68,4,5,10,6,7.999470381719166
Male,16,2.65,94.43,PhD,1.87,36.9,Yes,Yes,7.83,5,1,2,9,10.94646674141858
Female,19,3.77,75.15,Bachelor,5.0,84.44,No,Yes,6.16,5,5,8,3,8.003759566370746
Female,22,3.23,72.47,Bachelor,5.98,45.59,Yes,No,6.42,5,5,6,3,8.023649080682734
Female,20,5.93,79.29,PhD,1.75,42.67,No,Yes,7.24,2,9,2,2,8.054660008271481
Male,16,1.25,81.24,Master,0.48,62.82,No,Yes,4.09,3,1,1,4,6.317709556147827
Female,15,4.32,53.59,HighSchool,1.05,79.97,Yes,Yes,7.27,2,5,6,10,10.88122083898961
Male,15,2.72,84.13,PhD,4.85,34.03,No,No,7.09,5,7,7,3,3.4242324485219644
Female,21,2.86,62.1,PhD,6.8,67.49,No,No,5.55,3,6,10,2,11.329028020020571
Male,22,4.45,85.7,Master,0.36,37.75,No,No,4.43,3,6,5,1,5.691013263500698
Male,18,4.31,91.13,PhD,5.87,32.37,No,Yes,4.45,5,7,10,3,7.786171372260504
Female,17,5.95,90.2,PhD,2.73,33.43,Yes,Yes,8.62,3,6,8,10,15.716071552521296
Male,18,1.21,77.63,HighSchool,3.83,84.22,No,No,7.45,3,5,9,6,11.257090135007816
Female,18,1.07,76.01,HighSchool,7.43,37.67,Yes,No,4.64,2,10,4,9,5.670598393892103
Female,18,4.48,57.14,HighSchool,2.66,32.93,Yes,Yes,5.78,3,5,7,5,15.018093214691357
Female,22,3.68,88.77,Bachelor,3.72,58.46,Yes,No,6.96,5,9,8,3,3.2581800754381014
Male,18,2.01,63.57,Bachelor,0.11,84.86,Yes,No,8.18,1,8,6,5,3.55092728044628
Male,19,0.94,74.83,HighSchool,0.65,47.06,No,No,4.22,1,10,2,5,10.003869839217291
Female,22,0.97,64.21,HighSchool,2.07,57.41,No,No,5.18,1,4,7,5,16.818177987072218
Female,19,5.42,56.69,Bachelor,0.22,32.59,Yes,No,8.45,5,4,9,7,7.8334890388528065
Male,22,1.56,81.48,Master,5.05,59.19,No,Yes,4.05,1,10,5,5,10.316306863665728
Female,21,2.28,52.72,PhD,3.41,67.54,Yes,No,5.01,2,5,2,7,1.9825822086582203
Female,16,1.75,87.43,PhD,4.39,67.11,No,No,8.8,5,3,4,9,5.720173419553474
Female,15,2.45,65.88,HighSchool,1.4,51.61,No,Yes,7.07,5,8,3,5,13.049590958603408
Male,18,0.88,50.01,Master,2.37,50.51,No,Yes,5.31,5,7,4,2,6.891315153785681
Male,21,3.35,75.56,Bachelor,5.31,36.93,Yes,Yes,4.33,3,5,10,5,15.661548775703888
Male,16,0.87,52.34,HighSchool,7.72,53.84,Yes,Yes,4.14,3,10,7,8,14.52654377218176
Female,15,4.9,63.81,Master,0.4,36.47,No,No,5.22,3,3,10,4,0.0
Female,20,1.79,85.35,Master,7.12,79.83,Yes,No,8.41,4,5,8,2,2.2933282997220594
Female,17,3.47,53.13,Master,4.62,92.81,Yes,No,6.08,2,3,1,10,11.510479007889048
Male,19,5.34,91.97,Bachelor,4.51,93.05,No,No,7.6,5,10,8,3,2.170650095297198
Female,20,4.08,50.19,Bachelor,4.0,86.23,Yes,Yes,8.59,5,5,5,9,5.5907747869796065
Female,22,3.43,62.34,PhD,0.56,69.05,No,Yes,6.04,3,1,7,9,18.35803702205205
Female,15,2.28,87.05,PhD,0.72,75.56,No,No,4.96,5,6,1,8,6.626870616945576
Female,20,2.33,65.81,Master,4.81,48.54,No,No,6.59,5,10,2,8,12.028592893105174
Male,17,4.18,55.09,Master,2.73,71.0,Yes,No,8.54,1,4,1,8,8.903858649238307
Male,21,5.97,68.01,Bachelor,7.34,59.62,No,No,8.02,5,4,5,8,7.721018728526915
Female,15,4.14,63.52,PhD,3.25,61.33,No,Yes,4.33,4,8,6,8,2.267153636497337
Male,20,3.57,92.14,Master,1.15,79.26,Yes,No,7.46,3,2,10,1,10.443910532821887
Male,19,4.52,65.67,PhD,5.72,48.32,Yes,Yes,6.86,2,4,9,6,17.717527695344316
Female,19,3.06,89.45,PhD,2.35,50.67,Yes,Yes,8.54,2,2,8,9,8.563262601171225
Female,16,0.83,94.59,Master,4.2,90.1,Yes,Yes,4.61,1,1,7,8,11.4146917711443
Male,20,3.59,71.69,Bachelor,5.58,33.65,No,Yes,6.67,2,10,5,3,0.0
Female,18,5.77,95.5,Master,7.2,61.57,Yes,No,8.4,2,3,3,1,4.443524043749765
Male,20,1.46,68.87,Master,6.34,89.33,Yes,No,6.05,3,8,9,2,9.841108297307802
Female,21,4.3,98.2,PhD,5.41,69.67,Yes,No,6.41,3,6,5,2,12.277979101999062
Male,15,1.61,54.46,Master,5.44,65.52,Yes,No,4.35,4,7,3,7,10.767943749790936
Female,15,3.45,84.35,Bachelor,7.57,46.23,No,Yes,5.39,1,2,3,6,0.0
Male,21,1.03,74.69,Master,2.37,52.31,Yes,Yes,5.62,2,6,3,2,3.314225804326285
Male,20,2.98,69.38,Bachelor,0.01,85.38,No,Yes,8.73,4,8,6,8,5.944594448526882
Male,21,4.66,81.64,Bachelor,2.18,66.35,Yes,No,5.41,1,8,1,9,8.895058620914783
Female,17,2.41,85.19,PhD,1.74,63.46,No,Yes,6.3,2,4,4,7,8.932942822563273
Male,22,4.16,50.22,HighSchool,5.29,36.47,No,Yes,7.36,2,6,8,4,13.631759455976187
Male,21,4.87,58.35,HighSchool,5.07,31.04,Yes,Yes,4.81,3,5,3,1,7.19548518346763
Female,19,5.6,85.65,PhD,4.75,92.64,No,Yes,6.43,5,9,5,4,17.251459864435425
Female,21,1.79,83.32,Master,0.13,54.5,Yes,No,7.69,1,8,2,4,3.4080484278641006
Male,15,2.7,98.3,PhD,5.83,69.21,No,Yes,8.33,2,2,2,8,2.927817210390888
Male,19,1.34,88.05,Bachelor,2.59,35.18,No,Yes,7.13,1,7,7,4,15.25731320410232
Female,15,5.96,97.54,HighSchool,5.32,74.4,No,No,7.35,4,7,10,4,13.965476189503159
Female,16,5.6,85.13,PhD,4.45,90.62,Yes,No,4.63,4,1,3,2,4.789941163205517
Female,18,3.47,64.9,Master,2.74,67.42,No,No,8.73,5,1,5,10,13.372514392551434
Female,15,5.13,55.27,PhD,1.08,38.2,Yes,Yes,4.66,2,4,3,7,13.050397835997156
Female,19,3.37,89.09,HighSchool,0.76,67.81,No,Yes,7.87,3,5,6,4,9.77285406503796
Male,16,3.93,82.21,PhD,6.65,79.81,No,Yes,5.32,2,4,10,6,7.989317859867309
Female,15,0.99,52.41,PhD,7.35,56.42,No,Yes,8.67,1,7,3,3,3.2903859757216223
Male,17,4.65,68.0,HighSchool,5.2,87.19,No,No,7.6,4,3,8,7,12.996907489249008
Male,21,1.2,97.84,Bachelor,0.83,72.16,No,Yes,7.77,1,7,2,6,9.452839776778436
Male,18,5.04,75.02,Bachelor,3.22,88.45,No,Yes,5.1,5,8,3,3,14.496900288927069
Female,15,4.8,71.64,HighSchool,5.83,70.53,Yes,No,6.22,4,6,8,4,8.500248937989848
Male,16,4.4,72.88,PhD,6.24,38.53,Yes,No,7.09,3,6,8,10,7.298197008122416
Male,17,0.7,60.44,HighSchool,0.95,50.13,Yes,No,7.85,4,8,1,5,18.781071647850162
Female,20,2.17,68.44,Bachelor,0.0,43.12,No,Yes,4.52,2,8,8,9,11.55604099743868
Male,16,1.95,68.49,Master,5.7,89.07,Yes,Yes,8.81,2,7,10,6,14.787413789447683
Male,21,2.48,52.62,PhD,2.85,79.43,No,Yes,8.45,4,6,2,4,9.368441860129401
Female,16,0.98,88.38,Bachelor,2.04,73.97,Yes,Yes,5.35,5,6,7,7,11.055672192804446
Male,17,5.65,70.83,PhD,0.1,49.56,Yes,Yes,8.11,2,10,6,2,7.037381346284161
Male,16,3.55,91.11,HighSchool,4.32,41.96,No,No,6.59,2,6,2,4,0.0
Male,17,2.18,92.52,Master,6.81,79.17,No,No,6.31,3,8,5,5,3.9148937960108956
Female,15,2.68,60.6,HighSchool,7.66,60.82,Yes,Yes,5.57,4,1,7,4,9.851996067086473
Female,22,2.96,82.87,Master,4.53,44.68,Yes,Yes,6.9,2,5,8,4,0.0
Female,17,3.8,73.61,PhD,4.12,70.08,Yes,Yes,7.65,5,3,3,9,10.8879919635514
Male,17,3.34,94.01,PhD,0.68,32.62,Yes,Yes,6.05,1,8,1,2,9.414852554321616
Male,18,5.56,60.79,HighSchool,4.39,51.2,No,Yes,7.15,4,6,7,6,14.338093085517164
Female,17,3.23,83.89,Master,3.04,60.46,Yes,No,7.5,3,2,5,8,13.508676237323531
Male,17,5.96,80.39,Master,4.86,39.62,No,No,7.56,2,7,5,8,15.880059758085569
Male,20,5.18,64.77,PhD,3.11,94.0,No,No,4.26,5,7,7,7,19.523156916209388
Female,22,1.65,56.83,HighSchool,1.92,43.59,Yes,Yes,8.3,4,5,1,10,14.01728967704592
Female,15,5.62,82.58,Master,0.76,38.47,No,Yes,6.29,5,8,8,4,10.878956994509652
Male,21,1.14,86.93,PhD,2.52,43.23,Yes,No,5.31,5,5,10,7,9.755400726136237
Male,18,5.0,65.78,Bachelor,0.77,79.99,No,No,5.21,3,1,5,10,12.646389372763455
Male,20,2.59,82.24,HighSchool,1.42,57.66,No,Yes,6.42,4,9,8,6,8.678909241626405
Female,19,5.33,69.76,Bachelor,7.9,66.75,Yes,No,8.43,2,4,10,6,17.147703661228125
Female,22,5.27,85.66,HighSchool,3.55,31.37,No,No,5.89,3,2,10,2,12.165701041504937
Female,15,4.93,59.96,PhD,4.25,32.24,No,Yes,7.75,2,4,5,8,8.010217727766369
Female,15,4.85,94.51,Master,6.99,58.98,Yes,No,4.48,1,9,7,8,18.675338918060476
Male,19,2.18,64.37,Master,7.96,83.08,No,No,6.38,5,2,10,7,9.505305729826945
Female,21,0.95,68.39,Master,4.66,87.54,No,No,8.96,1,4,3,9,4.853641769633613
Female,17,2.72,52.9,HighSchool,6.5,35.64,Yes,Yes,7.85,5,2,2,8,7.934087266746024
Female,20,1.45,55.58,PhD,2.62,64.99,Yes,No,5.05,3,5,6,9,5.72653258164139
Female,16,4.32,75.79,Bachelor,2.45,89.36,No,No,6.51,2,3,5,9,16.46992868768627
Female,18,2.4,63.38,PhD,3.22,55.22,No,No,5.17,2,10,9,6,5.438639080975123
Male,16,5.87,91.77,Bachelor,5.38,83.92,No,Yes,6.05,3,2,10,2,10.202651858945863
Male,19,4.03,50.73,HighSchool,5.46,38.69,Yes,Yes,7.9,4,9,4,7,13.306237459727956
Female,15,5.02,68.95,HighSchool,2.52,90.8,No,No,7.86,1,5,3,3,4.731490207073284
Male,21,1.23,66.87,Bachelor,1.07,78.84,No,Yes,5.14,1,10,9,7,12.330617666598217
Female,15,5.24,50.97,Bachelor,5.06,91.19,No,No,8.61,2,5,8,9,7.481823207477735
Female,18,5.58,56.22,Bachelor,1.03,73.98,No,Yes,6.96,2,1,6,10,13.420115635985903
Male,15,3.18,70.68,PhD,4.63,53.62,No,Yes,5.9,2,6,1,10,12.60103424428761
Male,15,3.83,74.64,Bachelor,5.55,90.98,No,No,6.51,3,7,10,2,9.380047341592661
Female,18,4.71,70.21,HighSchool,5.6,47.91,Yes,No,7.03,4,1,1,6,8.416131437391595
Female,20,1.46,76.55,HighSchool,6.03,51.59,Yes,No,6.8,1,9,6,6,10.932229107802648
Female,20,3.26,79.76,Master,6.98,75.55,No,Yes,6.43,5,8,3,9,9.205257076877654
Male,18,2.69,50.5,Bachelor,4.0,79.75,No,No,6.52,3,8,3,9,14.033768155398139
Female,21,1.31,73.2,PhD,5.84,90.41,Yes,Yes,4.88,1,7,6,5,15.683905236710451
Female,19,2.52,98.17,PhD,4.95,43.31,Yes,Yes,8.06,4,5,3,5,3.590376703681893
Female,22,0.87,75.95,PhD,1.49,81.87,Yes,No,6.71,3,3,10,9,20.599197872288507
Male,15,0.64,83.88,Master,0.21,78.01,No,Yes,4.66,1,9,6,8,8.61516120250782
Female,21,1.24,65.59,HighSchool,2.28,34.15,No,No,7.83,3,7,5,7,18.118424748599246
Female,15,5.8,88.7,PhD,3.54,55.17,No,Yes,8.66,1,10,4,8,9.834814570680686
Male,22,3.52,88.65,HighSchool,4.94,48.38,No,No,8.74,1,10,8,6,13.971992875709851
Female,19,5.81,76.06,Master,6.8,49.79,Yes,Yes,5.85,4,8,2,3,11.211653057647037
Female,20,2.88,98.8,Bachelor,1.57,93.89,Yes,Yes,4.68,5,6,7,7,9.657242308883237
Male,21,2.21,56.28,Bachelor,1.0,71.78,Yes,No,6.59,4,5,4,8,9.571136940897013
Female,17,3.28,50.85,Bachelor,7.71,76.65,Yes,Yes,4.56,1,8,2,8,16.170002781784056
Male,17,2.92,88.51,PhD,0.86,93.48,No,No,8.67,3,3,7,1,6.681987751189968
Male,22,1.08,90.36,Bachelor,3.83,54.52,No,Yes,4.92,4,7,1,7,5.945469668727062
Female,17,4.02,56.01,PhD,4.68,82.12,Yes,Yes,5.26,5,2,4,3,1.8633639940694247
Female,20,1.69,63.28,Master,4.33,58.24,Yes,Yes,6.03,1,3,9,2,15.276961100524655
Female,22,3.91,50.88,Master,0.69,86.52,Yes,No,5.92,4,2,4,2,4.616917192476983
Female,20,4.08,64.67,PhD,0.46,41.74,Yes,No,7.97,4,5,3,8,15.306801089739722
Male,19,1.34,88.66,HighSchool,0.84,91.6,Yes,No,6.28,4,7,10,9,9.521025914645122
Female,15,0.84,75.9,Bachelor,4.68,44.22,No,No,4.85,4,10,10,3,13.840323075977071
Male,19,4.79,67.4,Bachelor,4.35,51.2,No,No,5.34,3,10,2,3,11.095215583613749
Female,19,3.03,68.59,Bachelor,1.87,79.15,Yes,Yes,6.55,5,1,3,6,7.610540394668209
Female,20,0.82,50.07,PhD,5.1,55.59,Yes,Yes,4.74,5,10,1,10,4.570520143552903
Female,22,5.97,64.99,Master,6.56,69.53,Yes,No,7.06,1,9,10,1,5.963147122709727
Male,22,0.82,82.32,Bachelor,0.33,58.9,No,Yes,6.83,2,1,8,6,6.046600649491148
Female,17,4.32,98.71,Master,3.99,78.25,No,Yes,7.57,3,1,1,3,13.3802159006182
Female,16,5.91,92.35,Bachelor,5.51,44.84,No,Yes,8.69,1,10,3,4,9.73245182306703
Female,15,1.82,51.18,Bachelor,2.02,33.8,Yes,Yes,8.56,1,8,3,9,2.7637878374564835
Female,20,1.28,94.93,PhD,2.46,49.5,No,No,8.73,4,6,2,3,5.1892329449946
Male,17,1.17,89.16,HighSchool,4.91,60.83,Yes,Yes,5.22,2,6,5,1,5.704299490298585
Female,21,2.17,89.02,PhD,7.18,40.92,No,No,4.66,2,9,10,3,0.0
Male,16,1.06,72.9,Bachelor,6.48,53.06,No,No,5.51,3,4,3,7,7.089635427869156
Male,16,4.31,69.9,Bachelor,4.67,56.0,No,Yes,8.48,2,8,3,7,12.956964880143666
Male,20,0.84,65.15,HighSchool,5.84,33.73,Yes,No,8.86,1,4,8,5,7.176960588712794
Male,18,3.3,53.28,Master,2.92,67.91,Yes,Yes,8.3,2,2,4,1,7.24863439373326
Male,15,5.98,61.41,Master,5.13,87.48,No,Yes,4.55,2,8,4,8,13.60646565386386
Male,16,4.98,62.33,Bachelor,3.73,39.86,Yes,Yes,8.74,5,7,3,10,8.846088796144638
Female,20,3.88,74.2,Master,1.52,68.86,Yes,No,6.12,1,4,1,8,13.108973305801962
Male,20,2.18,87.37,Bachelor,5.61,73.21,Yes,No,4.05,2,9,8,10,19.6447214891585
Male,17,3.93,73.69,HighSchool,4.45,57.26,Yes,No,6.21,2,9,1,10,2.608606812762976
Male,21,3.4,52.89,HighSchool,2.87,75.57,Yes,Yes,4.23,4,8,7,10,9.833851237967298
Female,18,2.84,97.89,Bachelor,7.29,56.7,Yes,Yes,6.72,2,1,5,2,19.354787417268565
Female,15,1.22,97.14,HighSchool,0.17,62.8,Yes,Yes,5.69,2,7,4,10,11.711026916039998
Male,22,5.38,89.26,PhD,2.53,30.48,No,No,6.37,5,5,4,3,7.965140247544975
Female,19,2.97,99.57,PhD,0.46,74.96,Yes,Yes,7.07,1,7,8,4,8.784087848889676
Male,21,1.57,77.22,HighSchool,6.13,72.99,Yes,Yes,8.34,3,9,6,1,13.076575721364096
Male,21,2.52,98.14,Bachelor,5.62,32.5,No,No,7.31,1,2,1,4,2.2072340188541606
Female,17,2.78,53.78,Bachelor,2.65,53.94,No,No,6.17,4,4,10,5,13.935072633425687
Male,22,5.05,68.28,HighSchool,5.41,93.64,No,No,8.1,1,4,8,3,8.457444846108734
Female,16,4.53,61.27,Master,3.17,57.35,No,Yes,8.53,2,2,2,10,6.647885386459074
Female,16,4.73,59.79,PhD,6.05,62.63,Yes,Yes,4.6,4,3,6,2,6.582786746654233
Male,17,0.56,57.04,Master,3.63,89.15,No,Yes,6.66,1,8,9,6,9.186297570489637
Male,20,2.79,81.12,Bachelor,3.3,76.62,No,No,5.42,4,9,1,8,6.893281872885828
Female,16,3.15,89.07,Bachelor,7.48,67.83,Yes,No,4.24,3,6,6,7,16.152562589075274
Male,18,0.61,78.91,Master,2.01,81.86,Yes,No,7.34,1,10,8,1,3.438079525386116
Male,15,1.93,57.35,HighSchool,0.96,86.18,Yes,No,8.31,2,2,10,4,9.916474239799138
Male,21,4.68,90.56,Master,4.68,59.7,No,Yes,4.81,4,2,2,3,10.569962956940149
Female,21,1.25,81.8,Master,7.75,60.88,Yes,Yes,8.06,5,7,5,6,9.320215243416866
Female,18,3.44,69.41,PhD,3.02,55.09,No,Yes,8.27,4,8,6,9,14.721249667416457
Male,22,1.68,83.71,PhD,0.5,92.84,Yes,Yes,8.57,5,8,5,9,8.872279836182253
Female,16,0.57,63.0,Master,2.71,75.32,Yes,Yes,5.33,2,6,3,7,11.137535199061606
Female,21,1.83,67.26,Master,4.05,35.41,No,Yes,8.52,3,10,4,9,12.419141000583473
Female,19,5.87,95.87,Bachelor,1.3,86.09,Yes,Yes,5.6,5,8,7,8,17.886500386203092
Female,22,4.91,64.53,PhD,5.26,61.24,Yes,Yes,6.76,3,1,4,5,0.0
Female,15,5.78,73.5,PhD,7.98,34.47,Yes,No,4.25,4,9,9,9,14.951630693370333
Male,15,3.18,94.51,Bachelor,3.61,65.73,Yes,No,4.22,2,1,10,7,16.42824884780807
Male,21,1.1,85.39,HighSchool,2.84,57.12,Yes,Yes,7.6,5,3,2,5,5.1868068460475625
Male,17,3.51,53.11,PhD,3.21,87.05,No,No,6.22,4,9,5,8,7.4991928787838935
Female,22,3.0,57.37,PhD,0.92,43.26,No,Yes,5.28,1,5,8,7,6.179411973887721
Female,21,5.14,50.39,HighSchool,7.07,83.72,Yes,Yes,4.95,4,9,5,9,6.082071718338133
Male,17,1.04,81.55,PhD,3.32,66.25,No,No,7.35,3,9,10,10,15.516300270039011
Female,21,3.19,72.38,PhD,3.1,33.55,No,Yes,4.0,2,6,8,1,18.427914582570857
Male,19,1.33,56.71,HighSchool,5.28,93.17,No,Yes,8.03,2,1,8,9,8.21659988920932
Male,22,2.29,97.9,HighSchool,3.54,63.32,Yes,Yes,4.4,4,10,9,7,8.986657768975043
Male,20,4.56,76.48,Master,5.19,48.91,Yes,Yes,4.96,1,7,10,1,8.673582684389475
Female,15,3.12,62.09,Bachelor,0.49,60.51,Yes,Yes,5.93,3,6,6,1,0.0
Female,21,2.57,75.03,Bachelor,6.51,85.76,No,Yes,6.42,4,9,4,5,5.216358327540635
Male,19,2.67,83.98,HighSchool,7.52,49.82,No,Yes,5.77,4,7,3,8,9.198971598683668
Male,17,3.03,53.81,HighSchool,5.19,42.52,Yes,No,5.6,2,4,5,9,5.207058384995419
Male,17,4.82,63.74,PhD,7.64,38.39,Yes,No,8.82,3,7,6,6,15.395206882748342
Male,15,5.41,90.35,Master,1.21,49.36,No,Yes,7.21,1,2,3,10,5.292613174660537
Female,18,5.75,72.98,Master,3.82,80.7,No,No,4.12,2,6,2,8,15.208426621010577
Female,21,4.83,77.33,HighSchool,4.81,60.66,Yes,Yes,6.15,4,6,7,6,17.907611359426998
Male,22,2.23,71.64,PhD,4.65,44.79,No,Yes,8.38,2,2,5,6,10.345623724234132
Male,16,4.28,52.19,PhD,3.21,40.8,No,Yes,5.51,2,4,9,4,8.106447215220113
Female,17,2.91,58.29,Bachelor,2.7,51.63,No,Yes,4.47,5,8,3,5,8.576709064862492
Female,22,1.9,72.28,Bachelor,1.01,91.1,No,No,7.79,2,8,8,2,5.947582330300529
Male,22,5.12,60.46,PhD,3.13,52.3,No,No,7.03,2,8,6,3,0.0
Male,20,0.71,52.5,Bachelor,1.3,94.23,No,No,6.85,3,8,4,3,1.5473383349781642
Male,22,5.46,92.18,HighSchool,5.87,61.54,No,No,4.27,2,1,9,5,11.32430442261059
Female,22,3.04,99.06,PhD,1.67,41.65,Yes,Yes,4.7,1,2,5,5,4.317365575147426
Female,20,4.0,89.66,Bachelor,0.47,87.92,Yes,No,7.11,4,4,10,6,9.982585571153434
Female,17,4.13,92.69,Master,4.42,59.92,No,Yes,5.04,3,9,6,5,12.32699579705747
Male,22,5.42,62.1,PhD,4.76,76.13,No,Yes,6.52,2,3,9,6,11.978720862362467
Male,18,4.0,98.03,PhD,6.98,93.94,No,No,6.72,1,6,7,8,17.81207386059482
Female,18,3.88,59.85,Master,4.62,33.26,Yes,Yes,5.42,4,7,5,2,7.983537690008012
Female,19,0.87,97.57,HighSchool,2.76,36.29,Yes,No,8.74,3,8,2,4,8.365753748614338
Male,20,3.35,99.74,Master,6.42,76.83,No,No,8.21,1,7,4,6,6.5073535709686015
Female,19,1.33,85.59,PhD,4.32,48.32,Yes,No,7.61,2,3,2,5,0.5105695062930202
Female,20,4.56,99.06,HighSchool,0.63,41.98,No,No,4.39,5,6,3,1,4.970789274947345
Male,21,3.32,78.48,Bachelor,4.53,32.56,No,No,4.53,5,5,10,9,8.197675586735656
Female,21,4.24,62.98,Bachelor,7.26,31.42,No,Yes,6.46,3,10,3,3,5.779961845627572
Male,22,0.73,71.85,Bachelor,3.17,80.34,No,No,4.8,1,4,4,2,0.924108185573032
Male,16,0.97,79.68,PhD,2.37,38.74,No,No,8.89,4,1,6,9,14.065643686175697
Male,21,4.44,53.65,Master,1.15,60.4,No,Yes,4.79,1,7,3,7,5.339125367432448
Male,16,0.9,81.12,HighSchool,1.21,69.38,No,No,6.44,5,8,10,5,7.862354893134249
Male,21,0.89,99.06,Bachelor,3.46,57.84,Yes,No,5.82,3,2,1,6,7.6836394851311685
Male,15,0.57,59.51,HighSchool,4.77,31.76,No,Yes,7.2,2,7,1,4,10.564384733008415
Male,21,5.76,89.63,PhD,0.64,80.93,Yes,Yes,4.65,1,6,9,1,18.604964184774317
Female,19,4.56,95.39,Bachelor,7.52,30.68,No,No,6.15,5,5,9,4,19.136509705568976
Male,17,2.44,97.19,PhD,6.04,79.52,No,Yes,5.37,4,4,5,9,5.073121898242957
Male,22,2.13,98.01,Master,4.69,88.06,Yes,No,8.44,3,2,9,1,6.887797618975016
Female,19,2.42,76.07,PhD,6.63,58.13,Yes,Yes,4.2,2,10,7,10,8.695767747738486
Female,17,4.76,98.87,PhD,0.64,64.81,No,No,8.57,1,6,9,3,12.217845638628043
Female,18,4.14,87.87,Master,3.81,61.0,Yes,No,8.16,4,5,7,5,11.658513016067966
Male,19,1.52,58.08,HighSchool,5.04,55.3,No,No,5.49,2,2,9,7,6.741390758170018
Female,18,1.46,73.85,Master,6.63,87.68,No,Yes,7.95,5,10,2,9,6.343417956183122
Male,16,1.04,85.92,Master,6.27,88.11,Yes,No,4.16,5,7,8,6,5.168631306241261
Male,16,4.13,62.37,PhD,2.22,51.83,Yes,Yes,8.83,4,6,7,3,0.0
Male,15,4.7,82.03,HighSchool,7.53,69.98,Yes,No,6.63,5,9,6,7,4.54967733233632
Male,21,1.96,83.33,Bachelor,0.99,90.25,Yes,No,5.52,3,10,5,4,12.922773325923064
Female,19,0.62,58.13,Master,7.0,92.53,No,No,5.81,4,5,4,3,13.86602241870623
Female,18,0.95,78.25,HighSchool,7.77,63.08,Yes,No,4.33,5,9,7,7,16.328387936312453
Male,17,5.82,88.58,Master,1.42,59.43,Yes,No,8.95,1,9,3,7,15.120169710914851
Male,16,2.12,74.94,Master,5.78,48.12,Yes,Yes,4.2,5,1,8,4,3.398890267425373
Male,21,4.73,50.61,Master,0.32,92.33,Yes,Yes,7.27,3,5,2,7,3.4507877619580896
Female,16,3.94,50.45,Master,3.24,39.28,Yes,Yes,6.21,2,9,1,2,0.0
Male,17,2.6,67.85,PhD,4.13,67.69,No,No,8.74,2,7,2,1,2.6133142105813967
Male,21,1.63,96.31,HighSchool,4.65,48.37,No,No,5.23,5,6,9,2,8.644231096529856
Female,21,1.17,61.43,HighSchool,7.49,48.14,Yes,Yes,6.66,2,6,5,4,1.7347786404115793
Female,18,3.88,81.72,HighSchool,5.38,56.32,Yes,No,6.41,5,7,8,8,13.68544036818551
Male,18,4.76,61.1,Master,3.85,94.92,No,No,7.51,3,1,3,3,11.294688847578007
Female,19,4.04,66.08,PhD,6.48,33.57,Yes,No,4.34,2,4,7,10,8.997347776258138
Female,19,3.42,92.4,Master,7.6,67.61,No,Yes,4.97,1,1,2,6,2.3921113603822395
Male,20,0.73,86.44,Master,0.18,35.37,No,Yes,5.07,5,6,8,6,15.897232819006488
Female,22,5.83,54.77,HighSchool,7.86,40.04,Yes,Yes,7.69,2,4,7,9,11.55161112310436
Male,20,4.89,71.44,Master,0.69,58.57,No,Yes,4.95,3,1,5,9,20.97663004132961
Female,15,2.11,51.46,Bachelor,6.52,63.18,Yes,Yes,6.87,3,9,4,4,7.313295746960343
Male,16,5.89,74.04,Master,2.24,46.82,Yes,No,5.08,1,4,1,9,11.124664586231122
Male,19,3.81,83.12,Bachelor,1.06,50.57,No,No,8.31,3,6,5,6,4.706515900051989
Male,18,3.7,55.93,Master,3.52,35.65,No,No,8.71,3,7,9,2,5.453183333046099
Female,17,4.61,64.44,PhD,5.15,49.71,Yes,No,6.59,2,8,10,10,4.9773861529104115
Male,18,4.96,69.89,PhD,3.05,92.83,No,Yes,5.76,5,9,4,6,3.4191781835761086
Female,16,4.11,95.98,HighSchool,0.44,91.41,Yes,Yes,5.17,4,9,9,2,13.757425236632693
Male,20,1.2,99.66,Master,4.8,51.77,No,No,4.25,3,8,2,8,7.692283084415083
Male,18,2.36,52.25,Bachelor,7.22,67.11,No,Yes,5.34,3,10,4,4,4.940409856914392
Female,22,5.6,88.05,Bachelor,3.07,89.12,Yes,No,7.27,4,3,9,5,8.161770096564364
Male,15,1.74,68.59,Master,1.73,30.4,Yes,No,6.67,3,2,4,8,6.63408147778194
Male,16,2.55,69.62,Bachelor,3.54,82.69,Yes,No,8.72,2,5,5,8,15.927717208035862
Female,20,2.88,87.71,PhD,0.39,91.64,No,No,5.98,2,1,8,6,11.737208784363343
Male,22,2.92,95.92,Bachelor,6.56,35.94,Yes,Yes,7.47,4,3,1,4,1.1643255995285662
Male,17,3.87,97.55,HighSchool,6.61,40.49,Yes,No,6.45,3,1,1,1,11.236223469444965
Male,20,5.69,78.86,PhD,4.7,92.45,No,Yes,6.56,3,3,9,7,21.31599294899008
Male,21,1.82,67.86,PhD,2.82,64.94,No,No,5.34,5,4,9,8,13.236123340251115
Female,22,1.17,89.38,PhD,6.4,30.92,Yes,No,6.27,3,7,4,9,13.924251058944137
Female,22,1.59,62.55,Master,4.44,46.75,Yes,No,6.35,2,5,2,2,11.151414586844659
Male,15,5.38,78.2,Master,6.61,59.25,Yes,No,7.53,1,5,9,1,0.5999754075780377
Female,16,4.05,67.93,PhD,5.05,75.04,Yes,Yes,8.7,1,1,4,4,17.68005183942836
Male,17,2.07,82.83,Master,6.28,77.66,No,No,5.65,1,8,6,5,14.66017035338601
Female,15,4.99,62.02,Bachelor,4.79,94.7,No,Yes,4.21,1,4,1,10,13.49487350456464
Male,20,5.24,59.58,Master,3.31,48.69,Yes,No,6.48,3,10,9,1,7.429897304239146
Male,15,5.16,95.91,Master,7.66,64.98,Yes,No,6.72,3,5,5,5,3.554687920405774
Male,22,5.55,55.09,PhD,4.33,64.67,Yes,No,4.84,5,2,3,6,7.409094481518682
Male,16,1.89,75.3,HighSchool,4.84,56.37,No,Yes,7.8,3,1,4,3,9.084385082648073
Male,19,4.65,61.04,HighSchool,1.76,41.0,Yes,No,8.92,1,9,1,7,2.789408104801927
Male,15,3.03,51.95,HighSchool,5.01,93.53,Yes,No,8.73,4,2,9,6,9.992363663096324
Female,21,5.13,51.8,Bachelor,4.57,85.47,No,No,4.99,4,6,8,4,3.797693145945381
Male,15,4.51,58.76,Master,1.48,62.39,No,No,8.38,2,1,4,3,5.591479119679096
Female,20,4.77,93.34,HighSchool,0.48,69.21,Yes,No,7.52,2,1,2,5,2.429263168713071
Male,20,4.11,64.12,PhD,4.83,44.77,Yes,Yes,6.27,3,9,9,3,1.3741195610139947
Female,17,1.48,97.52,HighSchool,6.11,65.35,No,Yes,6.7,4,4,4,10,12.725047057319518
Female,20,3.5,79.08,HighSchool,4.19,75.17,Yes,No,8.25,1,9,9,9,9.577012207997752
Female,18,5.92,71.83,Master,1.81,63.49,Yes,No,6.4,1,5,10,9,10.863747017957602
Male,16,5.66,79.0,Master,5.33,94.37,No,Yes,5.87,1,7,3,6,7.2541818261456
Male,16,0.74,75.83,Master,0.64,69.74,No,No,6.47,3,1,7,6,22.681289938132156
Female,19,1.41,87.94,Bachelor,3.53,54.11,No,Yes,6.9,3,6,7,4,11.421235428528934
Male,19,1.22,64.12,Bachelor,1.31,80.19,Yes,No,4.95,5,8,10,4,12.589117695838535
Female,16,4.49,67.65,HighSchool,1.48,41.08,No,No,8.5,1,1,4,2,2.970022318467196
Male,21,5.0,94.7,Master,1.62,54.99,No,Yes,7.37,1,9,2,10,14.064553442856653
Female,19,1.67,97.32,HighSchool,3.09,52.55,Yes,No,7.17,3,3,9,4,8.199994984609567
Female,17,3.28,94.63,PhD,0.41,58.07,Yes,Yes,4.5,3,1,4,8,6.595051295498026
Male,20,5.12,70.97,PhD,3.18,80.82,No,Yes,7.02,5,1,8,10,22.838957006092848
Female,16,4.53,89.02,Master,4.09,61.47,No,Yes,4.6,5,6,2,2,10.175956811048124
Male,22,3.48,73.82,Master,3.87,81.61,Yes,No,4.39,2,6,8,9,14.750493152360932
Female,19,3.75,74.88,PhD,3.06,67.47,Yes,Yes,6.64,4,1,10,1,3.7371318961413893
Female,16,3.3,60.23,Master,6.71,52.23,No,Yes,6.01,1,3,5,2,0.3204537830652665
Male,18,2.14,79.56,Bachelor,1.16,82.65,No,No,6.94,1,7,7,2,7.708042648809203
Male,15,3.61,59.31,Bachelor,4.05,45.49,Yes,No,4.45,5,10,7,6,6.365529897397858
Male,20,4.29,66.58,Master,0.5,44.58,No,No,6.15,5,3,9,7,13.868204712938535
Female,16,5.3,92.75,PhD,0.57,62.79,Yes,No,4.87,2,3,3,3,11.954604404443572
Male,15,4.0,60.35,HighSchool,4.59,46.96,No,No,8.94,4,3,10,9,12.177216340596718
Female,19,4.69,53.56,Master,4.53,30.59,Yes,No,6.81,2,7,4,5,11.933165867913765
Female,15,1.38,53.45,Master,7.02,72.14,Yes,Yes,7.44,4,4,10,5,10.064821990529964
Male,20,3.04,97.04,HighSchool,4.46,63.22,No,No,5.63,1,4,4,4,4.233151922155955
Male,16,0.55,75.35,Master,7.68,58.96,No,Yes,4.47,2,3,10,9,10.168326416428394
Female,18,1.86,70.47,HighSchool,0.39,92.85,Yes,No,8.88,5,10,5,8,10.89376521293551
Female,21,4.5,90.54,PhD,0.78,67.13,No,Yes,5.43,2,9,6,4,14.303425303209231
Male,19,5.95,91.79,Bachelor,0.35,86.12,No,Yes,6.12,2,2,3,4,10.880854222195769
Male,16,1.05,66.61,PhD,1.48,39.06,No,No,7.25,1,4,4,2,2.5422469767287423
Male,20,2.71,84.68,Bachelor,4.33,67.0,Yes,No,4.12,5,8,3,9,15.195256529738275
Male,19,4.9,88.56,HighSchool,5.16,86.42,No,Yes,8.05,5,6,2,3,10.348979228739664
Male,17,1.62,82.73,Bachelor,0.36,67.9,No,No,6.68,3,7,10,4,17.216268627933307
Female,15,3.55,57.58,PhD,7.57,76.67,Yes,No,5.39,3,7,9,7,11.31718734476108
Female,21,4.53,93.79,Bachelor,6.74,54.18,No,Yes,4.31,3,2,1,10,5.822656431151404
Female,20,3.89,76.95,HighSchool,2.37,36.01,No,Yes,4.81,1,4,2,8,15.069596817742433
Female,17,1.53,64.12,Bachelor,0.62,59.76,Yes,Yes,8.48,2,10,8,8,7.2468501826837395
Male,22,2.45,71.26,Master,1.36,55.64,Yes,No,7.43,5,10,7,4,9.80772063500381
Male,16,4.81,51.88,PhD,1.02,86.36,No,No,5.25,5,6,1,7,9.936183446844822
Male,18,3.55,56.39,Master,0.99,45.86,No,No,4.33,2,3,5,10,10.75704664993932
Female,19,0.53,88.28,HighSchool,4.15,92.84,Yes,No,7.45,5,9,10,1,7.368100139114005
Female,15,4.69,50.0,Bachelor,1.97,92.28,Yes,Yes,6.86,2,4,6,6,1.760879340555915
Male,19,0.69,70.83,Master,2.87,46.1,No,No,6.02,1,10,5,6,2.8123803768478464
Male,21,4.6,76.13,Master,7.92,52.62,No,Yes,5.82,1,2,4,6,14.98696161115238
Female,16,1.61,52.73,Bachelor,5.47,88.21,No,No,5.08,1,6,1,2,7.4341035888713
Female,19,5.77,98.65,Bachelor,7.59,92.83,Yes,No,7.35,2,1,7,8,22.770585253132317
Male,15,2.52,61.31,PhD,1.14,58.82,No,Yes,8.85,2,6,9,5,4.035175889827622
Male,16,2.3,65.21,Master,3.06,50.86,Yes,No,4.88,4,10,6,5,8.040219473237812
Female,19,1.32,65.2,Master,4.44,64.2,Yes,No,6.99,5,1,3,2,11.483967594806884
Male,18,2.18,61.52,HighSchool,0.61,74.7,Yes,Yes,6.12,5,8,10,4,6.38248244823161
Male,20,5.32,50.07,PhD,0.03,47.78,No,No,6.23,4,5,4,9,7.858864779445398
Male,16,5.98,86.47,HighSchool,5.36,77.87,No,Yes,5.27,4,6,10,9,12.576800676806315
Female,20,2.53,98.34,Master,5.13,33.36,No,Yes,8.13,1,2,5,6,6.902661025017245
Female,22,2.97,61.21,HighSchool,3.29,33.2,Yes,Yes,6.43,4,2,1,9,11.147286992403114
Female,16,4.47,83.15,Master,3.92,55.11,No,Yes,6.72,2,9,5,4,0.0
Female,18,5.37,87.09,Master,3.32,52.98,Yes,No,5.52,3,3,1,1,14.833929536989832
Female,20,3.76,92.42,HighSchool,0.19,50.52,Yes,No,4.91,2,6,9,2,4.188683367222781
Female,17,2.65,71.13,HighSchool,2.68,61.92,Yes,No,4.43,4,10,7,1,0.0
Female,15,2.77,65.15,Bachelor,1.42,50.85,Yes,Yes,7.57,5,5,3,8,8.928303010913877
Male,17,4.33,66.26,Bachelor,0.79,42.5,Yes,No,4.98,2,4,9,9,9.882795179732586
Male,19,0.52,85.63,Bachelor,7.65,50.12,Yes,No,7.45,5,10,2,10,8.489401255836935
Male,18,3.91,90.84,Master,4.79,93.37,No,No,5.95,2,2,7,6,12.81948287667782
Male,17,2.46,59.08,HighSchool,5.83,56.72,Yes,No,6.08,5,8,9,2,10.815006447771127
Male,16,4.87,68.55,PhD,2.52,58.91,No,Yes,6.35,2,10,6,6,18.415956768339488
Male,19,1.01,95.1,Master,3.15,67.48,Yes,Yes,5.84,5,7,10,9,8.655895812255526
Male,19,3.74,90.33,PhD,1.9,93.92,No,No,4.5,3,2,5,3,12.955755290821799
Female,17,3.15,99.24,HighSchool,0.78,45.7,No,Yes,5.55,1,6,7,9,15.295882255343585
Female,22,4.03,87.71,Master,1.43,74.28,No,No,7.32,2,8,6,2,0.0
Male,17,0.86,69.66,PhD,6.38,76.54,No,No,7.33,3,7,5,5,3.798627987320633
Male,22,3.69,79.53,PhD,5.42,69.48,Yes,No,5.43,1,1,2,2,0.4165971785961933
Female,18,3.59,83.05,Bachelor,4.38,35.76,Yes,Yes,6.3,2,5,8,7,12.78216429278962
Male,15,3.58,53.92,Bachelor,3.8,74.0,Yes,No,4.97,3,2,7,10,13.318729579659943
Male,17,3.82,77.22,Bachelor,7.38,34.17,Yes,Yes,5.05,3,6,6,9,12.617638499924412
Female,21,4.22,85.47,Master,0.58,68.75,No,Yes,4.12,3,7,5,7,9.09913866242792
Male,22,4.93,58.37,HighSchool,2.24,78.07,No,No,8.48,4,7,5,5,8.260717204599228
Female,17,1.98,89.03,HighSchool,2.8,43.71,No,Yes,5.05,5,3,9,4,8.894196241944636
Male,20,5.04,79.19,Bachelor,6.26,84.71,Yes,Yes,5.14,1,7,1,4,6.380333643685354
Female,16,3.24,97.61,Bachelor,7.94,31.97,No,No,5.4,5,5,9,10,16.449611360524113
Female,21,0.92,52.12,Bachelor,1.93,84.85,Yes,Yes,4.64,5,8,6,8,4.080281869937665
Female,21,0.82,63.27,PhD,6.99,59.92,No,Yes,7.2,5,8,4,10,5.7154306832058825
Male,22,2.34,80.08,Bachelor,6.64,44.14,No,No,4.38,3,7,10,10,12.827796161282787
Female,20,4.82,64.83,PhD,1.8,38.7,No,No,4.67,5,6,7,10,9.907253909275205
Male,20,4.39,85.72,HighSchool,3.19,91.96,No,Yes,7.22,4,2,9,10,8.322892102947444
Male,19,4.84,87.95,Master,3.28,34.72,No,No,5.7,2,6,5,10,14.428526606844269
Male,22,3.34,55.13,Master,7.83,42.94,Yes,No,7.54,3,9,5,1,2.9872631370284886
Male,15,2.92,75.69,Master,1.45,52.61,No,Yes,6.79,1,2,8,5,5.167295146160463
Female,16,1.31,75.44,Master,6.39,70.32,Yes,Yes,5.28,2,1,7,2,6.421701462980496
Female,18,2.31,68.46,PhD,2.67,65.41,Yes,No,7.25,2,5,8,9,6.719752512408012
Male,21,2.89,96.65,PhD,5.85,38.17,Yes,Yes,4.58,2,6,10,7,11.147993355847552
Male,18,0.99,91.38,Bachelor,3.36,48.83,Yes,No,6.68,5,3,2,10,7.915505820133353
Female,17,1.71,84.86,PhD,4.63,45.52,Yes,No,6.19,5,8,9,8,8.277299481266198
Male,17,3.79,85.72,Bachelor,6.66,43.88,Yes,Yes,5.34,3,7,3,6,6.333532187343871
Female,18,4.55,73.09,Bachelor,6.43,56.72,Yes,Yes,7.02,5,2,6,9,16.42517582012622
Male,17,5.99,96.05,Master,6.93,75.76,Yes,No,8.36,5,7,6,6,13.438787056388392
Male,15,5.63,84.73,PhD,0.48,44.13,No,No,8.99,5,1,2,7,1.2305173690832323
Female,20,4.03,86.45,PhD,5.54,53.83,No,No,7.04,3,9,7,7,15.29703102730895
Male,17,2.82,93.08,Bachelor,1.12,55.41,Yes,No,6.02,3,7,9,9,14.811385223999176
Female,19,4.0,63.7,Bachelor,3.33,93.47,Yes,Yes,5.13,4,6,10,8,14.66797450922518
Male,17,4.82,90.35,HighSchool,4.39,92.05,Yes,No,5.29,4,2,1,1,11.719054431258758
Male,16,1.15,59.76,HighSchool,3.22,82.01,No,Yes,6.4,4,3,8,4,8.368150184553983
Male,15,2.75,67.27,Bachelor,4.16,45.71,No,Yes,5.84,4,1,2,7,11.232718408059782
Female,16,5.12,66.78,HighSchool,7.97,34.42,Yes,No,8.57,2,10,1,8,6.7174403007182715
Male,16,2.61,98.93,HighSchool,1.08,50.6,Yes,Yes,5.84,2,5,8,7,15.16180159104589
Male,19,3.65,92.83,Bachelor,5.4,47.34,No,Yes,5.87,4,9,2,3,8.38226777520278
Male,15,3.73,85.06,Bachelor,3.17,62.89,No,No,5.92,4,6,6,4,2.2167917278205334
Male,15,1.51,86.35,PhD,1.06,80.55,Yes,Yes,8.18,1,5,6,7,15.28742483965272
Female,22,2.49,78.1,Bachelor,1.27,85.79,Yes,Yes,7.25,2,3,5,8,9.910276756148077
Female,15,2.34,97.35,Bachelor,7.59,84.92,Yes,No,7.07,1,5,8,7,10.114286454910761
Male,15,0.64,74.81,Master,7.04,53.38,Yes,No,5.67,1,8,3,6,5.254562696783815
Female,15,0.63,69.03,PhD,7.26,74.67,No,No,8.09,5,2,10,9,9.469481905358785
Male,19,5.07,58.15,PhD,7.93,50.33,No,No,4.19,3,5,4,9,11.627276575369127
Male,17,2.0,89.31,PhD,1.67,33.96,Yes,No,8.35,2,6,7,7,4.82060002417349
Male,22,3.35,86.72,Master,2.84,75.6,Yes,No,6.56,4,10,7,8,3.7105366275877625
Female,16,2.14,69.22,Bachelor,5.35,30.64,Yes,No,5.99,4,8,8,6,3.623072304501891
Female,15,5.67,51.26,PhD,3.87,56.6,No,Yes,6.49,3,8,2,1,7.946389254200177
Female,21,1.93,91.95,PhD,3.35,51.41,Yes,Yes,7.34,2,5,2,1,4.849009267183692
Female,17,2.86,50.57,HighSchool,2.86,75.07,Yes,No,4.06,4,9,4,6,13.928465622884888
Female,17,5.3,85.18,PhD,4.75,79.81,Yes,Yes,8.36,4,4,10,2,9.947036336274895
Female,16,5.13,98.51,Bachelor,4.6,49.77,No,Yes,6.23,5,9,9,8,16.91526554118098
Female,19,1.52,71.88,Bachelor,1.29,82.76,Yes,No,5.71,1,7,10,1,4.455526959749542
Female,18,4.91,61.75,HighSchool,3.77,49.1,No,Yes,4.69,4,6,9,2,6.322788952988903
Female,18,3.02,85.24,PhD,4.43,59.01,Yes,No,6.2,2,4,4,8,10.193020789668038
Male,17,3.16,90.86,PhD,4.56,77.26,Yes,Yes,6.48,3,2,9,6,10.50011508976431
Female,20,1.23,77.32,PhD,1.68,75.04,Yes,No,6.02,5,8,3,10,9.01057484183647
Female,20,0.94,98.35,Master,5.94,94.18,No,Yes,7.39,2,6,5,2,3.3495272374590126
Female,16,4.5,52.58,PhD,0.2,44.64,Yes,Yes,6.1,5,3,10,2,0.34238977067025367
Female,18,3.23,75.24,Bachelor,2.84,73.05,Yes,Yes,8.81,1,7,9,7,14.365282859942472
Female,17,2.9,85.92,Bachelor,6.24,69.63,No,No,7.0,4,10,6,5,12.026501771788558
Female,19,4.51,93.13,Master,4.51,89.48,No,Yes,8.04,2,7,3,5,6.718153884631413
Female,18,4.71,58.96,Master,2.09,40.16,No,Yes,4.55,3,6,10,8,13.35041893901418
Female,17,1.37,90.0,PhD,5.56,78.87,Yes,No,5.99,1,2,9,7,10.193169952650312
Female,17,3.86,77.64,HighSchool,4.54,66.94,No,No,5.68,1,8,6,9,17.042858758961653
Female,15,1.24,69.83,Master,6.37,47.85,Yes,Yes,6.85,5,1,4,4,0.18660203337315728
Female,19,4.63,56.59,Master,5.88,60.84,No,Yes,8.31,1,1,4,10,10.33286829218623
Male,15,4.11,93.26,PhD,4.88,51.7,No,Yes,4.39,2,6,8,4,8.843066327755277
Male,16,5.76,57.86,PhD,3.91,67.66,No,Yes,4.36,5,5,7,2,9.298579794280888
Female,15,0.88,65.49,Master,1.07,87.79,Yes,No,8.25,1,9,1,3,13.558189054408999
Female,21,0.81,64.5,HighSchool,2.09,67.0,Yes,Yes,5.06,3,7,6,1,5.280414149307568
Male,15,2.05,93.57,Master,3.35,71.06,Yes,Yes,7.34,2,2,8,1,11.663960899291004
